Cantina Montelliana e dei Colli Asolani\Via Caonada, 1, 31044 Montebelluna TV\http://www.montelliana.com/\0423 22661\info@montelliana.it\TV\
Azienda agricola Loredan Gasparini\Via Martignago, 23, 31040 Volpago del Montello TV\http://www.loredangasparini.it/\0423 870024\Raggruppa-1879@2x-pdfzb0j2ijiyxcrxdaxmh5qpirbwr774xv0jd3fc10.png info@loredangasparini.it developer@fishouse.it\TV\
Agriturismo Borgo d'Asolo\Via Asolana, 54, 31030 Altivole TV\http://www.borgodasolo.com/\333 485 3418\\TV\
47 Anno Domini\Via Treviso Mare, 2, 31056 Roncade TV\http://www.47annodomini.it/\0422 849976\info@47annodomini.it\TV\
La Cantina Pizzolato - Organic Wine Experience\ingresso da, VIA IV NOVEMBRE, Via Cal di Treviso, 12, 31020 Villorba TV\http://www.lacantinapizzolato.com/\0422 928166\welcome@casaleterzo.com experience@lacantinapizzolato.com welcome@lacantinapizzolato.com\TV\
Azienda Agricola Campion\Via Campion, 2, 31049 Valdobbiadene TV\https://www.campionspumanti.it/?utm_source=google&utm_medium=organic&utm_campaign=gm_website\0423 980432\info@campionspumanti.it\TV\
Azienda Agricola La Casa Vecchia\Via Callonga, 8-12, 31049 Valdobbiadene TV\http://www.lacasavecchia.it/\0423 900160\info@lacasavecchia.it prenotazioni@lacasavecchia.it antonello.pasella@gmail.com\TV\
Tonello Lino Farm\Via Padova, 2, 31031 Caerano di San Marco TV\http://prosecco-tonello.com/\349 411 2915\info@prosecco-tonello.com\TV\
La Nuova Ostaria\Via Piave, 44, 31030 Caselle TV\http://www.lanuovaostaria.com/\0423 915611\lanuovaostaria@hotmail.it\TV\
CRAI - Market Malosso\Via Asolana, 22, 31030 San Vito TV\https://www.crai-supermercati.it/punto-vendita/203-crai-altivole/\0423 564126\crairisponde@crai.org market_malosso@ama-crai.it\TV\
Cantina Le Favole - Vino Prosecco\Via Ronche, 92, 33077 Sacile PN\http://www.lefavole-wines.com/\0434 735604\e-commerce@lefavole.com\PN\
Cantina Le Pignole di Boracchi Serena\Via Meucci, 87, 36040 Brendola VI\http://www.lepignole.it/\0444 212891\\VI\
Tenute Balzan di Balzan Marco\\https://www.tenutebalzan.it/\340 579 8570\info@tenutebalzan.it\\
Ager Patris\\https://agerpatris.com/\0423 191 6503\sales@agerpatris.com img_uva@2x-scaled.jpg\\
Gatto in Vigna\Via Cucco, 1, 31058 Susegana TV\https://campionspumanti.it/\0423 980432\info@campionspumanti.it\TV\
OSTE SIMONE\\https://www.ostesimone.it/\379 123 0876\info@ostesimone.it\\
PULEO S.P.A. - FILIALE NORD-EST\Via Mure, 13, 31030 Altivole TV\http://www.puleoitalia.com/\0423 191 6955\info@puleoitalia.com\TV\
Cantina Coffele\Via Roma, 5, 37038 Soave VR\http://www.coffele.it/\045 768 0007\info@tenutacoffele.it info@coffele.it info@pec.coffele.it accoglienza@coffele.it\VR\
Pavimenti in Resina Treviso - Resina Italia Srl\Via della Botte, 18C, 31030 Altivole TV\https://www.resinaitalia.net/\0423 185 5028\staff@resinaitalia.com\TV\
Le Nobilune\Via Ongaresca, 11, 31043 Fontanelle TV\http://lenobilune.it/\348 530 6035\\TV\
Castello della regina Cornaro\Via Sottocastello, 31011 Asolo TV\https://www.asolo.it/il-castello-della-regina-cornaro-2/\\\TV\
Azienda Agricola Le Bertarole\Via Bertarole, 8A, 37022 Fumane VR\http://www.lebertarole.it/\349 384 2198\\VR\
Cantine Paololeo\Via Tuturano, 21, 72025 San Donaci BR\https://www.paololeo.it/\0831 635073\info@paololeo.it customerservice@pec.paololeo.it\BR\
CASALE TERZO\Via Casale Collalto, 3, 53034 Colle di Val d'Elsa SI\https://casaleterzo.com/\379 122 9582\welcome@casaleterzo.com podereilcasalesa@pec.it\SI\
Cantine Dei Colli Berici\Viale Vicenza, 29, 36045 Lonigo VI\http://www.collisgroup.it/\045 610 8250\info@collisgroup.it\VI\
Cantina Giovanni Ederle\Via Santa Giuliana, 2, 37128 Verona VR\https://www.giovanniederle.it/\\info@giovanniederle.it\VR\
azienda agricola Rossetto Luca\Via degli Alpini, 56, 31030 Arcade TV\\0422 774476\\TV\
Soc. Agr. Cendron Desiderio\Via Venturali, 9, 31020 Arcade TV\https://www.facebook.com/cendronvini/?ref=ts&fref=ts\340 687 5246\\TV\
Cantina Coste Petrai\Via Montello, 7, 31030 Castellere TV\http://www.costepetrai.com/\0422 720125\info@costepetrai.com\TV\
Rossetto Vini\Via degli Alpini, 56, 31030 Arcade TV\\349 502 5088\\TV\
Cantina Manera Luigi\Via Sile, 36A, 31033 Castelfranco Veneto TV\https://www.maneraluigi.it/\0423 497684\\TV\
La Cantina S.a.s.\Via Francesco Parisi, 4, 34147 Trieste TS\\040 824685\\TS\
Azienda Agricola BARDI\Via Lucio Vero, 6A, 31056 Musestre TV\http://www.ebardi.it/\0422 824401\\TV\
Serafini & Vidotto\Via Luigi Carrer, 8, 31040 Nervesa della Battaglia TV\http://www.serafinividotto.it/\0422 773281\79baaa8e09c746d2b7401643b99792e0@sentry.wixpress.com react@18.3.1 605a7baede844d278b89dc95ae0a9123@sentry-next.wixpress.com 460ff4620fa44cba8df530afde949785@sentry.wixpress.com 88170cb0c9d64f94b5821ca7fd2d55a4@sentry-next.wixpress.com rspack@1.6.6 lodash@4.17.21 serafinievidotto@serafinievidotto.com intl-segmenter@11.7.10 core-js-bundle@3.2.1 5d1795a2db124a268f1e1bd88f503500@sentry.wixpress.com 18d2f96d279149989b95faf0a4b41882@sentry-next.wixpress.com 2062d0a4929b45348643784b5cb39c36@sentry.wixpress.com 271e9fa3230b4eec94b02bf95780f5f2@sentry.wixpress.com ed436f5053144538958ad06a5005e99a@sentry.wixpress.com 8eb368c655b84e029ed79ad7a5c1718e@sentry.wixpress.com 9a65e97ebe8141fca0c4fd686f70996b@sentry.wixpress.com focus-within-polyfill@5.0.9 8c4075d5481d476e945486754f783364@sentry.io react-dom@18.3.1\TV\
Tenuta Santom\Via Carboncine, 71, 31056 Biancade TV\http://www.tenutasantome.com/\0422 848189\info@tenutasantome.com\TV\
Cantina La Mincana-Dal Martello\Via Mincana, 52, 35020 Due Carrare PD\http://www.lamincana.com/\333 758 2186\\PD\
Azienda Agricola & Tenuta Rechsteiner - Cantina e Location per Matrimoni con Parco\Via Frassen, 2, 31046 Piavon TV\http://www.rechsteiner.it/\0422 752074\rechsteiner@rechsteiner.it\TV\
Col del lupo - produzione e degustazione Valdobbiadene Prosecco DOCG\Via Rovede, 37, 31020 Vidor TV\https://www.coldellupo.it/\0423 980249\coldellupo-prosecco-logo@2x.png info@coldellupo.it giulia@coldellupo.it\TV\
Cantina Colli del Soligo\Via Lino Toffolin, 6, 31053 Solighetto TV\http://www.collisoligo.com/\0438 840092\COLLISOLIGO-logo@2x.png comunicazione@collisoligo.com logo-facebook-black@3x.png info@collisoligo.com logo-instagram-white@3x.png menu@3x.png menu-x@3x.png menu@2x.png logo-instagram-black@3x.png logo-facebook-white@2x.png logo-facebook-white@3x.png logo-instagram-white@2x.png logo-instagram-black@2x.png menu-x@2x.png logo-facebook-black@2x.png COLLISOLIGO-logo@3x.png\TV\
Dorsale Azienda Agricola\\https://www.dorsalevini.com/\366 373 0403\dorsale@dorsalevini.com info@dorsale8.com utente@dominio.com.\\
Terre di San Rocco\Via A. Vivaldi, 32E, 31056 Roncade TV\http://www.terredisanrocco.it/\389 126 0990\abc@xyz.com info@terredisanrocco.it\TV\
Vineria Borgoluce\Localit Musile, 4, 31058 Susegana TV\http://www.borgoluce.it/\0438 155 0080\visit@borgoluce.it didattica@borgoluce.it info@lc-borgoluce.local osteria@borgoluce.it frasca@borgoluce.it negozio@borgoluce.it info@borgoluce.it foresteria@borgoluce.it vineria@borgoluce.it\TV\
Gradis'ciutta Winery\Localit Giasbana, 32A, 34070 San Floriano del Collio GO\http://www.gradisciutta.com/\0481 390237\\GO\
Cantina Mauro\Strada Paniazza, 16, 15010 Morsasco AL\http://www.cantinamauro.it/\334 810 6874\\AL\
Cantina Spada\Via Villa Girardi, 26, 37029 San Pietro in Cariano VR\https://www.cantinaspada.com/\340 266 4334\info@cantinaspada.com export@cantinaspada.com\VR\
Cirotto Cantina Produzione e punto vendita Asolo Prosecco Docg\Via Bassanese, 51, 31011 Asolo TV\https://www.cirottovini.com/\0423 952396\info@cirottovini.com\TV\
Cantina Martignago - Vignaioli vendita diretta, visite e degustazioni Asolo Prosecco Superiore DOCG.\Via Cornuda, 72, 31010 Maser TV\https://www.martignago.wine/\388 695 0328\simone@martignago.wine\TV\
Tenuta Amadio - Asolo Prosecco DOCG\Via Longon, 74, 31010 Monfumo TV\http://www.tenutamadio.com/\0423 560099\info@tenutamadio.com simone.rech@legalmail.it\TV\
Asolo Manor Wine\Via S. Martino, 25, 31011 Asolo TV\https://www.asolomanor.it/\349 523 4911\info@asolomanor.it\TV\
Tenuta Baron Winery\17, Via S. Pio X, 31010 On TV\http://www.tenutabaron.it/\333 115 8019\info@tenutabaron.it andrea@tenutabaron.it typeit@5.5.2\TV\
Bele Casel - Asolo Prosecco DOCG\Via Moresca, 136C, 31031 Caerano di San Marco TV\http://www.belecasel.com/\0423 859795\info@belecasel.it 20info@belecasel.it\TV\
Azienda Agricola Dal Bello Antonio\Via Belli, 2, 31010 Fonte TV\http://www.dalbellovini.it/\0423 949015\\TV\
Cavaliere Damiano\Via Foresto Vecchio, n. 33, 31011 Asolo TV\\\\TV\
Le Risere\Via Semonzetto, 64, 31030 Borso del Grappa TV\https://www.lerisere.it/\373 703 2899\\TV\
Sorelle Ghirardello\Via Fontanelle, 25, 31020 San Zenone degli Ezzelini TV\http://www.sorelleghirardello.com/\348 761 5714\\TV\
Vignaioli Contr Soarda\Strada Soarda, 26 36061, San Michele VI\http://www.contrasoarda.it/\0424 505562\lodash@4.17.21 c183baa23371454f99f417f6616b724d@sentry.wixpress.com 18d2f96d279149989b95faf0a4b41882@sentry-next.wixpress.com 9a65e97ebe8141fca0c4fd686f70996b@sentry.wixpress.com focus-within-polyfill@5.0.9 intl-segmenter@11.7.10 8c4075d5481d476e945486754f783364@sentry.io 79baaa8e09c746d2b7401643b99792e0@sentry.wixpress.com react@18.3.1 react-dom@18.3.1 605a7baede844d278b89dc95ae0a9123@sentry-next.wixpress.com dd0a55ccb8124b9c9d938e3acf41f8aa@sentry.wixpress.com core-js-bundle@3.2.1 8eb368c655b84e029ed79ad7a5c1718e@sentry.wixpress.com info@contrasoarda.it rspack@1.6.6 5d1795a2db124a268f1e1bd88f503500@sentry.wixpress.com\VI\
Azienda Agricola Calalta\Via Giaretta, 10, 36065 Mussolente VI\http://www.calalta.it/\348 578 1100\info@calalta.it\VI\
Vigneto Due Santi\Viale Asiago, 174, 36061 Bassano del Grappa VI\http://www.vignetoduesanti.it/\0424 502074\\VI\
Cantina Vinicola Sancolodi\Via Campo Aviazione, 27, 36065 Casoni VI\http://www.cantinasancolodi.com/\0424 574044\\VI\
Corte Tre Archi\Vicolo C Erizzo, 13, 36061 Bassano del Grappa VI\https://cortetrearchi.com/\327 961 8058\\VI\
Le Vie Angarano Tour & Wine Tasting\Contr Corte S. Eusebio, 13, 36061 Bassano del Grappa VI\http://www.levieangarano.com/\351 460 3464\info@levieangarano.com info@villaangarano.com\VI\
Enoteca Cantina Montelvini - Chemello\Via C Cornaro, 2, 36060 Romano d'Ezzelino VI\http://www.montelvini.it/\0424 512711\info@stagheaddesigns.com marketing@montelvini.it\VI\
Cantina Fasol Menin\Via Fasol e Menin, 22, 31049 Valdobbiadene TV\https://www.fasolmenin.com/\0423 974262\\TV\
Cantina Zoe\Viale Asiago, 165, 36061 Bassano del Grappa VI\http://www.cantinazoe.com/\328 570 5058\info@cantinazoe.com\VI\
tenuta Terre di Ezzelino\Via Valli, 50, 31020 San Zenone degli Ezzelini TV\https://www.tenutaterredezzelino.com/\349 390 1356\terrediezzelino@libero.it\TV\
Cantina Diesel Farm\Via Canale, 36063 Marostica VI\https://shop.dieselfarm.com/\0424 75224\cucina@dieselfarm.com\VI\
Garden Relais Ristorante\Via Caose, 22b, 31030 Semonzo TV\https://gardenrelais.it/\0423 910813\info@gardenrelais.it\TV\
Cantina Gemin - Taste the Experience in Valdobbiadene\Via Erizzo, 187, 31049 Valdobbiadene TV\https://spumantigemin.it/\0423 975450\cpadvanced2007@gmail.com osservatorioSQNPI@politicheagricole.it info@spumantigemin.it\TV\
Locanda77\Str. Generale Giardino, 3, 31030 Borso del Grappa TV\http://www.locanda77.it/\351 505 6755\\TV\
Ruggeri Prosecco Valdobbiadene\Via Pra Fontana, 4, 31049 Valdobbiadene TV\https://www.ruggeri.it/\0423 909230\ruggeri@ruggeri.it hospitality@ruggeri.it\TV\
Azienda Vinicola Colferai Srl\Via Castelletto, 64, 31010 Farra di Soligo TV\http://www.colferai.it/\0438 898102\info@colferai.it\TV\
Cantina Miotto\Via Scandolera, 2434 31020, di Colbertaldo TV\http://www.cantinamiotto.it/\0423 985095\info@cantinamiotto.it miottovini@messaggipec.it\TV\
Az. Agr. Tenuta Castaldo\Via la Valle, 48, 31041 Cornuda TV\\0423 639246\\TV\
Scandolera Viticoltori in Colbertaldo\Via Scandolera, 95, 31020 Vidor TV\https://scandolera.it/\0423 985107\aos@2.3.1\TV\
Cantina Agriturismo Famiglia Scott\Strada S. Pietro, 38, 31049 Valdobbiadene TV\http://www.vinifamigliascotta.it/\347 597 3489\info@vinifamigliascotta.it\TV\
Ca San Vito di Ventoruzzo Thomas\Via San Giovanni, 25, 31049 Bigolino TV\https://www.casanvito.eu/\340 093 0309\info@casanvito.eu\TV\
Cantina Andreola - Eroico in Valdobbiadene\Via Cavre, 19, 31010 Farra di Soligo TV\https://www.andreola.eu/\0438 989379\bootstrap@5.3.3 INFO@ANDREOLA.EU\TV\
Marsuret Azienda Agricola\Via Barch, 17, 31049 Valdobbiadene TV\http://www.marsuret.it/\0423 900139\marsuret@marsuret.it\TV\
ADAMO CANEL CANTINA\Via Castelletto, 73, 31010 Col San Martino TV\https://www.adamocanel.it/\0438 898112\\TV\
Azienda Agricola TERRE DEL PIAVE\Via Cal di Breda, 16, 31030 Breda di Piave TV\\348 746 8333\\TV\
Tenuta San Paolo Di Marangon Romeo\Via Cal di Breda, 3, 31030 Breda di Piave TV\http://www.tenutasanpaolo.com/\0422 600142\\TV\
Cantina De Pra  Vini di Qualit, Prosecco e Degustazioni\Via Armentaressa, 75, 31024 Ormelle TV\https://www.cantinadepra.com/?utm_source=gbp&utm_medium=local&utm_campaign=scheda\331 198 9379\info@cantinadepra.com laboratorio@cantinadepra.com deprasnc@pec.it amministrazione@cantinadepra.com\TV\
GIRARDI\Via Vicinale Davanzo, 13, 31030 Breda di Piave TV\http://impresagirardi.com/\371 150 2422\impresagirardi@registerpec.it info@impresagirardi.com\TV\
Le Rive\Via Grave di Negrisia, 50, 31047 Ponte di Piave TV\http://www.lerive.it/\0422 754137\info@lerive.it\TV\
Scandiuzzi Azienda Agricola - Punto Vendita\Via Code, 25, 31030 Breda di Piave TV\https://www.agricolascandiuzzi.it/\347 894 2052\c183baa23371454f99f417f6616b724d@sentry.wixpress.com 79baaa8e09c746d2b7401643b99792e0@sentry.wixpress.com react@18.3.1 605a7baede844d278b89dc95ae0a9123@sentry-next.wixpress.com scandiuzzitiziano@gmail.com 460ff4620fa44cba8df530afde949785@sentry.wixpress.com rspack@1.6.6 lodash@4.17.21 intl-segmenter@11.7.10 core-js-bundle@3.2.1 1eeb89147c984dc6bc3ffafd9e6cd089@sentry.wixpress.com 2062d0a4929b45348643784b5cb39c36@sentry.wixpress.com 271e9fa3230b4eec94b02bf95780f5f2@sentry.wixpress.com ed436f5053144538958ad06a5005e99a@sentry.wixpress.com 8eb368c655b84e029ed79ad7a5c1718e@sentry.wixpress.com 9a65e97ebe8141fca0c4fd686f70996b@sentry.wixpress.com focus-within-polyfill@5.0.9 8c4075d5481d476e945486754f783364@sentry.io react-dom@18.3.1 dd0a55ccb8124b9c9d938e3acf41f8aa@sentry.wixpress.com\TV\
Azienda Agricola Breda\Via IV Novembre, 10, 46018 Breda Cisoni MN\https://cantinabreda.it/\338 299 2555\info@cantinabreda.it\MN\
Sessantacampi\Vicolo Cesare Battisti, 12, 31052 Maserada sul Piave TV\http://www.sessantacampi.it/\0422 98426\intro@2x.jpg info@sessantacampi.it\TV\
Tenuta San Giorgio S.r.l. Societ Agricola\Via Piave, 11, 31052 Maserada sul Piave TV\http://www.tenutasangiorgio.com/\0422 743135\staff@tenutasangiorgio.com\TV\
Cantina Rauscedo\Via Postumia ovest, 182a 31048, Via Postumia Ovest, 182A, 31048 Olmi TV\https://www.cantinarauscedo.com/\347 963 7635\info@cantinarauscedo.com\TV\
Azienda Agricola Cantine I Padroncini\Via Padroncino, 2, 31048 San Biagio di Callalta TV\https://www.cantineipadroncini.com/\333 311 2100\lodash@4.17.21 focus-within-polyfill@5.0.9 intl-segmenter@11.7.10 8c4075d5481d476e945486754f783364@sentry.io react@18.3.1 react-dom@18.3.1 605a7baede844d278b89dc95ae0a9123@sentry-next.wixpress.com core-js-bundle@3.2.1 lorenzon.fiorenzo@libero.it rspack@1.6.6\TV\
Societ Agricola C Baradei s.s.\Via Baradei, 24, 31010 Mareno di Piave TV\http://www.cabaradei.it/it/site/home\0438 30229\info@cabaradei.it bootstrap@4.6.2\TV\
Casa Baccichetto\Via Salute, 14, 31047 Ponte di Piave TV\http://www.baccichetto.it/\0422 759931\gsap@3.13.0 info@baccichetto.it\TV\
Cantina Nardi Clemente e Figli - Vini del Piave e Prosecco\Via Quattro Novembre, 48, 31047 Ponte di Piave TV\http://www.cantinanardi.it/negozio/\0422 807607\info@cantinanardi.it\TV\
Cantina Borgoverde Societ Agricola\Via Postumia Ovest, 12, 31048 San Biagio di Callalta TV\http://www.borgoverde.com/\0422 895222\info@borgoverde.com\TV\
Michele Carraro Soc.Agricola Semplice\Via Roma, 222, 31047 Ponte di Piave TV\https://www.michelecarraro.it/\0422 754115\info@michelecarraro.it\TV\
Cantina Podere La Nona Pietra\Str. delle Grentine, 12, 31027 Spresiano TV\https://www.lanonapietra.com/\348 852 5151\\TV\
Vigna Brugnera\Via Saletto, 35, 31024 Ormelle TV\https://www.vignabrugnera.com/\0422 176 2477\info@vignabrugnera.com u00a0info@vignabrugnera.com\TV\
Agriturismo Al Leccio\Via Spesse, 1, 31030 Breda di Piave TV\http://www.agriturismoalleccio.com/\366 342 5424\info@agriturismoalleccio.com\TV\
Cantina Breda di Piave\R. Abolio, 958 - Vila Santa Catarina, Americana - SP, 13466-280, Brasile\https://www.facebook.com/cantinabredadipiave/\55 19 3648-2918\\Brasile\
Vini Cima del Pomer azienda agricola\Via Risorgimento, 2, 31044 Montebelluna TV\http://www.cimadelpomer.it/\348 463 1683\info@cimadelpomer.it\TV\
Vini Costa\Via Cimitero, 24, 31044 Montebelluna TV\http://vinicosta.it/\0423 190 3782\info@vinicosta.it\TV\
Cantina di Guarda\Uffici Commerciali, Corso Mazzini Giuseppe, 11, 31044 Montebelluna TV\http://www.cimadelpomer.it/\351 163 5001\info@cimadelpomer.it\TV\
Col delle Rane\Via Mercato Vecchio, 18, 31031 Caerano di San Marco TV\http://www.coldellerane.it/\0423 650085\info@coldellerane.it\TV\
Agriturismo Sant'Andrea - Maser (TV)\Via Cornuda, 72, 31010 Maser TV\https://www.agrsantandrea.it/\0423 177 1567\info@agrsantandrea.it\TV\
Il Guscio D'Oro - Vino naturale veneto\Piazza della Pieve, 15, 31010 Maser TV\https://ilgusciodoro.com/\345 232 3635\\TV\
Az. Agr. Sartor\Via Monte Grappa, 19, 31040 Venegazz TV\http://www.vinisartor.it/\0423 620567\lodash@4.17.21 9a65e97ebe8141fca0c4fd686f70996b@sentry.wixpress.com 2062d0a4929b45348643784b5cb39c36@sentry.wixpress.com focus-within-polyfill@5.0.9 intl-segmenter@11.7.10 8c4075d5481d476e945486754f783364@sentry.io 271e9fa3230b4eec94b02bf95780f5f2@sentry.wixpress.com react@18.3.1 react-dom@18.3.1 605a7baede844d278b89dc95ae0a9123@sentry-next.wixpress.com ed436f5053144538958ad06a5005e99a@sentry.wixpress.com core-js-bundle@3.2.1 460ff4620fa44cba8df530afde949785@sentry.wixpress.com vinisartor@gmail.com rspack@1.6.6\TV\
Bedin Wine - Societ Agricola Colli Asolani - Shop & Tasting Room\Via Monte Pasubio, 22, 31041 Cornuda TV\http://www.colliasolani.it/\0423 639411\info@colliasolani.it\TV\
Vigneti Mazzarolo\Via Cornuda, 154, 31010 Maser TV\https://www.vignetimazzarolo.it/web/azienda/\334 181 2496\\TV\
Bresolin-Bio\Via colombine, 5 31010, Crespignaga TV\https://www.bresolin-bio.it/\346 304 8648\info@bresolin-bio.it\TV\
Dunavox Cantinette per il Vino\Via dell'Artigianato, 5, 31031 Caerano di San Marco TV\https://it.dunavox.com/\0423 650022\lelettroinfo@gmail.com info@intecnet.it pimaxbelluno@gmail.com info@fedisrl.it sales.gb@dunavox.com info@centro-inox.net nederland@dunavox.com info@dunavox.com info@mainoxgroup2.com ordini@imelalba.it info@cdeparma.it info@lqddistribuzione.it info@ninci.it commerciale@commerlegno.it deutschland@dunavox.com info@mainoxgroup.com belgie@dunavox.com info@camelsrl.com info@elcab.it contatti@fapsrl.it info@ineasrl.it info@dunavox.it info@gorinielettrodomestici.it leaflet.markercluster@1.4.1 iberia@dunavox.com info@mainoxgroup3.com leaflet-gesture-handling@1.2.2 info@cde.srl leaflet@1.9.4\TV\
Azienda Agricola Sernaglia\Via Cal di Mezzo, 120, 31044 Montebelluna TV\http://www.sernaglia.it/\\info@sernaglia.it\TV\
Amistani 1540\Corso Mazzini Giuseppe, 110int. 2-3, 31044 Montebelluna TV\https://www.amistani1540.com/\392 728 9212\info@amistani1540.com\TV\
Azienda Agrituristica Colmello Pat del Colmel\Via Costeselle, 5, 31030 Castelcucco TV\http://www.patdelcolmel.it/azienda/agriturismo/\0423 545292\colmello_ss@libero.it\TV\
Az. Agricola Agnoletti Ida\Via Pietro Andrea Saccardo, 55, 31040 Selva, TV\http://www.idaagnoletti.it/\333 716 6494\info@idaagnoletti.it agnoletti.vini@gmail.com\TV\
Villa Sandi Spa\Via Erizzo, 113a, 31035 Crocetta del Montello TV\http://www.villasandi.it/\0423 8607\info@villasandi.it\TV\
Azienda Agricola Roccat\Via Roccat e Ferrari, 1, 31049 Valdobbiadene TV\http://www.roccat.it/\0423 972839\info@roccat.it info@roccat.com\TV\
Cantina Giusti Wine\Via Arditi, 14A, 31040 Nervesa della Battaglia TV\http://www.giustiwine.com/\0422 720198\info@abbaziasanteustachio.com incoming@giustiwine.com welcome@giustiwine.com info@giustiwine.com\TV\
Tenuta La Carpena\Via Carpena, 6, 31030 Castelcucco TV\https://tenutalacarpena.it/\347 161 5363\info@tenutalacarpena.it\TV\
Azienda Agricola Drusian\Via Anche, 1, 31049 Valdobbiadene TV\https://www.drusian.it/\0423 982151\\TV\
Sorelle Bronca Vini e Spumanti\Via Martiri, 20, 31020 Colbertaldo TV\http://www.sorellebronca.com/\0423 987201\info@sorellebronca.com articolo-2@2x.jpg 7-150x150@2x.jpg 6-150x150@2x.png 8-150x150@2x.png 5-150x150@2x.png\TV\
La Tordera\Via Aln Bosco, 23, 31020 Vidor TV\http://www.latordera.it/\0423 985362\info@latordera.it visit@latordera.it\TV\
Tenuta Zago Gasparini - 2Castelli\Via Cucco, 99, 31058 Collalto TV\http://www.zagogasparini.com/\342 821 3053\\TV\
Spagnol Societ Agricola\Via Scandolera, 51, 31020 Colbertaldo TV\http://www.spagnolcoldelsas.it/\0423 987177\info@spagnolcoldelsas.com\TV\
Azienda Agricola Vitivinicola Barazza\Borgo Portinor, 2, 31012 Cappella Maggiore TV\http://www.vitivinicolabarazza.it/\0438 580834\vitivinicolabarazza@legalmail.it info@vitivinicolabarazza.it\TV\
SOCIETA' AGRICOLA MARMAT S.S. cantina a cappella maggiore treviso veneto\Via Mattarella, 42, 31012 Cappella Maggiore TV\https://www.vini-marmat.it/\331 279 2379\\TV\
Cantina Carbonera\Via Carbonera, 11, 22042 Cavallasca CO\http://cantinacarbonera.it/\331 832 1883\info@cantinacarbonera.it\CO\
Azienda Agricola SCILLA\Via Codette, 18, 31020 Carbonera TV\http://www.marusia.it/\333 219 0082\\TV\
Azienda Vinicola Zanardo\Via Bonisiolo, 50, 31032 Casale sul Sile TV\https://www.dalcampoallatavola.it/azienda/azienda-vinicola-zanardo\347 236 7371\info@aziendavinicolazanardo.com\TV\
Il mio Vino da Denis\Via Nuova Trevigiana Casale, 2830, 31032 Casale Sul Sile TV\\333 900 3666\\TV\
Azienda Agricola Tenuta Belvedere\Vicolo S. Francesco D'Assisi, 3, 31132 Casale sul Sile TV\\0422 783311\\TV\
Tenute Camate - Vigneti Zanatta\Viale della Liberazione, 62, 31030 Casier TV\http://tenutecamate.com/\348 667 9492\info@tenutecamate.com comunicazione.zanardo@gmail.com\TV\
Il Casale sul Sile\Via Torre, 81, 31032 Caberlotto TV\\335 131 9672\\TV\
Azienda Agricola Nardi di Nardi Luigi\Via G. A Longhin, 103a, 31056 Roncade TV\\0422 708716\\TV\
Vini Bastianello\Via Giorgione, 72, 31055 Quinto di Treviso TV\\338 433 1869\\TV\
Cantina del Terraglio\Via della Croce, 82, 31021 Mogliano Veneto TV\\0422 93452\\TV\
Az. Agr. Le Vigne di San Giacomo di Giacomin Gianluca\Via Pantiera, 100, 31056 Roncade TV\https://levignedisangiacomo.com/\0422 841591\\TV\
Azienda Vitivinicola Panizzo\Via Zompini, 15, 31056 Roncade TV\http://www.vinipanizzo.it/\0422 840844\info@vinipanizzo.it user@domain.com.\TV\
Vigna Augusta\Via Claudia Augusta, 13, 31057 Silea TV\http://www.vignaaugusta.it/\351 502 2038\\TV\
VIA REGIA\Str. Terraglio, 489e, 31022 Preganziol TV\http://www.viaregia.it/\0422 330854\info@viaregia.it\TV\
Az. Agr. Sperti - Punto Vendita Treviso\Str. Terraglio, 144, 31100 Treviso TV\http://sperti.it/\0422 403368\sperti@sperti.it\TV\
Freschi Azienda Vinicola\Via A. Moro, 12, 31030 Dosson TV\\\\TV\
Azienda Agricola Ceolotto Manuel\Via S. Rocco, 108A, 31056 Roncade TV\\329 732 1491\\TV\
Azienda Agricola Ca' Corner di Gasparini Andrea\Via C Corner Sud, 55, 30020 Meolo VE\http://www.vinicacorner.com/\0421 61191\info@vinicacorner.com\VE\
Cantina Viticoltore Ponte - Enoteca di Caposile\Piazza V. Gagliardi, 8, 30024 Caposile VE\https://www.ponte1948.it/\0421 230279\\VE\
Societ Agricola Castelletto\Via Castelletto, 15, 31050 Monastier di Treviso TV\http://www.vinicastelletto.it/\0422 798193\castelletto@pec.agritel.it soc.agr.castelletto@gmail.com cantina@vinicastelletto.it\TV\
Ca' Bonetto\Via Bonetto, 81, 31040 Salgareda TV\http://www.cunialvinipiave.it/\0422 804907\cunialvinipiave@legalmail.it\TV\
Cantina La Cicogna winery\Via Pozzetto, 4, 31050 Monastier di Treviso TV\http://www.cantinacicogna.com/\0422 798484\antichipoderi@gmail.com\TV\
Casa Vinicola Bosco-Malera S.R.L.\Via Correr, 17, 31040 Salgareda TV\https://www.boscoviticultori.com/\0422 807818\\TV\
Condotta Fratelli Azienda Agricola-VINI SFUSI E IN BOTTIGLIA.\Via C. Battisti, 13, 31036 Istrana TV\http://www.condottafratelli.com/\389 664 4323\info@condottasocagricola.it\TV\
Cantina Sperti\Via degli Alpini, 13, 31040 Campo di Pietra TV\http://www.sperti.it/\0422 804130\sperti@sperti.it\TV\
Compagnia della Vigna\Via Giacomini, 4, 31048 San Biagio di Callalta TV\https://www.compagniadellavigna.com/\\info@compagniadellavigna.it casa@agriturismozambon.it info@compagniadellavigna.com\TV\
Casa Angelo\Via Canova, 8, 31048 San Biagio di Callalta TV\http://www.casa-angelo.it/\347 251 2548\antonello@casa-angelo.it\TV\
Az. Agricola Terre Grosse\Via Enrico Fermi, 4, 31050 Zenson di Piave TV\http://www.terregrosse.it/\349 379 6456\\TV\
Azienda agricola Simone Reginato  Ca del Si.Re\Via Erega, 13, 31030 Castelcucco TV\http://www.cadelsire.it/\345 310 0459\\TV\
Podere Cunial - Degustazioni vini e Wine-shop\Via G. Pascoli, 9, 31034 Cavaso del Tomba TV\https://www.poderecunial.it/\347 547 7783\\TV\
Vitivinicola Manera\Via Sile, 50, 31033 Salvatronda TV\https://www.vinimanera.com/\0423 490602\\TV\
Barco Silvestri cantina\Via Masaccio, 5, 31030 Castello di Godego TV\http://barcosilvestri.it/\333 780 5676\info@barcosilvestri.it amministrazione@barcosilvestri.it info@barcosilvestri.i barcosilvestri@legalmail.it sales@barcosilvestri.it\TV\
Az. Vinicola La Caneva dei Biasio\Via Cendrole, 7, 31039 Riese Pio X TV\http://www.lacanevadeibiasio.it/\0423 483160\osterialacaneva@gmail.com info@lacanevadeibiasio.it\TV\
Cantina Civran\Via Villa, 36, 31037 Castione TV\http://www.cantinacivran.it/\324 561 4473\\TV\
Agriturismo Ai Bagolari di Dussin Daniela e Nadia\Via Masaccio, 26, 31030 Castello di Godego TV\http://www.agriturismoaibagolari.it/\0423 469547\\TV\
Cantine Bertato s.r.l.\Via Commerciale, 45, 35010 Abbazia Pisani PD\http://www.cantinebertato.it/\049 932 5086\\PD\
Cantina Viticoltori Ponte Di Piave - Enoteca di Vedelago\Via Roma, 146b, 31050 Vedelago TV\https://www.ponte1948.it/\0423 401945\\TV\
PepeNero Lab Agrodolce\Piazza Citt di Boves, 1, 31030 Castello di Godego TV\http://instagram.com/pepenero_lab_agrodolce\0423 469834\\TV\
Cantina La volpe e l'uva\Via C. Agostini, 101, 35018 San Martino di Lupari PD\\347 220 8489\\PD\
Cantina Castello di Berton\Via Roma, 178, 31020 Vidor TV\http://www.castellodibertonvini.it/\347 312 1060\agr.castello@libero.it\TV\
Enoteca Bressan - Vinicola Bressan\Via Galileo Galilei, 13, 35013 Cittadella PD\https://www.vinicolabressan.it/\049 940 3852\info@vinicolabressan.it\PD\
San Vettor\Via Strade Nove, 12, 31034 Cavaso del Tomba TV\https://sanvettor.com/it/\393 974 2892\\TV\
Azienda Agricola Merlo\Via dell'Artigianato, 8a, 31034 Cavaso del Tomba TV\http://www.proseccomerlo.it/\0423 949952\\TV\
Vigna Sinque Majo\Via Cavallea, 5, 31040 Pederobba TV\https://www.vigna5majo.it/\329 101 4050\vignasinquemajo@legalmail.it info@vigna5majo.it\TV\
Agriturismo Al Capitello - Ghisolana\Via Sassetti, 5, 31010 Monfumo TV\http://www.ghisolana.com/\0423 545167\info@ghisolana.com info@agriturismoalcapitello.it\TV\
Domus-pictA\Via Arcol, 51, 31049 Valdobbiadene TV\https://www.domus-picta.com/\0423 973971\info@domus-picta.com\TV\
Biondo Jeo\Via Biss, 1, 31010 Monfumo TV\\339 286 0269\\TV\
Cantina Giotto\Via Grazie Colbertaldo di Vidor, 15, 31020 Vidor TV\http://www.cantinagiotto.it/\328 788 2226\\TV\
Cantina Ponte Vecchio\Via Monte Grappa, 57, Loc. Ponte Vecchio, Vidor TV\http://www.pontevecchio.tv.it/\0423 981363\\TV\
Rive del Bacio - Cantina e Ospitalit\Strada Barbozza, 24 San Pietro di Barbozza, 31049 Valdobbiadene TV\http://www.rivedelbacio.com/\0423 973456\info@rivedelbacio.com degustazioni@rivedelbacio.com ospitalita@rivedelbacio.com\TV\
Cantina Valbreda\Via Palladio, 27 B, 31011 Asolo TV\https://www.cantinavalbreda.it/\347 348 1429\forato.valbredaasolo@gmail.com\TV\
Azienda Agricola Frozza\Via Martiri della Liberazione, 31, 31020 Colbertaldo TV\http://frozza.it/\0423 987069\turismo@comune.vidor.tv.it valdobbiadene@frozza.it\TV\
Colline Guizzette\Strada Cartizze, 4, 31049 Valdobbiadene TV\https://collineguizzette.it/\331 236 0315\info@collineguizzette.it lembonino@gmail.com info@ilcasalecollineguizzette.com\TV\
Cantina Vigna del Bacio\Via Cal Vecchia del Col, 9, 31049 Valdobbiadene TV\http://www.vignadelbacio.it/\0423 973530\\TV\
Valternette Prosecco\Via Canal Nuovo, 16, 31010 Col San Martino TV\http://www.valternette.it/\0438 898365\altiglio@valternette.it info@valternette.it\TV\
CANTINA MEROTTO GRAZIANO- MEROTTO SPACE & WINE SHOP\Piazza Rovere, 16, 31010 Col San Martino TV\http://www.merotto.it/\0438 898090\wineshop@merotto.it merotto@merotto.it\TV\
Rive della Chiesa\Via Luigi Pastro, 166A, 31040 Selva del Montello TV\http://www.rivedellachiesa.com/\0423 870200\rivedellachiesa@legalmail.it info@rivedellachiesa.com\TV\
Cantina San Martino\Via Brigata Mazzini, 64, 31010 Farra di Soligo TV\https://www.cantinasanmartino.it/en/home-2/\0438 898336\info@cantinasanmartino.it\TV\
Ceottovini\Via San Luca, 11, 31030 Colfosco TV\http://www.ceottovini.it/\335 816 6202\info@ceottovini.it ceottomauro@legalmail.it\TV\
Cantine Commendator Pozzobon\V. Madonna della Mercede, 58, 31040 Volpago del Montello TV\http://www.cantinepozzobon.com/\339 717 8436\\TV\
Cassette in Legno\Via Valcavasia, 14, 31034 Cavaso del Tomba TV\http://www.cassetteinlegno.com/\345 459 8184\creditCard@2x.png Info@cassetteinlegno.com info@cassetteinlegno.com\TV\
Canello Andrea\Via Colmello del Col, 11, 31049 Guia TV\https://www.canello.com/\0423 900640\info@canello.com 20info@riccardogasparini.it\TV\
Col del Zei Grotto Romeo Az. Agr. di Costantino Grotto\Via Ronce, 19, 31049 Guia TV\https://instagram.com/coldelzei.valdobbiadene?igshid=f003cimroqih\0423 900180\\TV\
Cantina Piccolin Prosecco Valdobbiadene\Via Giambattista Cecchella, 32, 31049 Valdobbiadene TV\http://www.piccolin.it/\334 545 9777\\TV\
Corvezzo - Italia 1955\Via Palu', 17, Cessalto TV\http://www.corvezzo.it/\0421 327203\info@corvezzo.it\TV\
Cantina Bassanese\Via Callunga, 27, 31040 Cessalto TV\http://www.bassanesevini.com/\0421 310752\\TV\
Societa' Agricola Cella Antonio S.s.\Via Callunga, 21, 31040 Cessalto TV\http://www.cellaantonio.it/\0421 310575\\TV\
Cantine Borga\Via Roma, 87, 31040 Chiarano TV\http://www.cantineborga.it/\0422 746078\\TV\
Cantina Borgo Nardi\Via Tabacchi, 50, 31040 Chiarano TV\http://www.borgonardi.it/\340 292 8939\cantina@borgonardi.it\TV\
Sfriso Winery\Via Borotta, 2B, 31040 Chiarano TV\http://www.sfrisowineworld.com/\376 209 2299\\TV\
Azienda Vinicola Dario Riccardo\Via Magnadola, 1, 31040 Chiarano TV\\0422 746042\\TV\
Azienda Agricola Zanatta Mauro\Via Risere Nuove, 21, 31040 Chiarano TV\http://www.vinizanattamauro.com/\348 719 8795\rossanazanatta@gmail.com\TV\
Antonio Rigoni vini\Via Pal, 20, 31040 Chiarano TV\https://www.antoniorigoni.com/\0422 203657\info@antoniorigoni.com\TV\
Societ Agricola Bolzan\Via Carbonere Nuove, 7, 31040 Fossalta Maggiore TV\https://cantinabolzan.it/it/\0422 746840\\TV\
VIGNE NANI WINES\Via Borotta, 1, 31040 Chiarano TV\\0422 746177\\TV\
Cantina Ornella Molon\Via Risorgimento, 40, 31040 Salgareda TV\http://www.ornellamolon.it/\0422 804807\info@ornellamolon.it\TV\
OSTERIA BORGA\Via Bosco, 1a, 31040 Chiarano TV\http://www.osteriaborga.it/\327 418 2070\info@osteriaborga.it prenotazioni@osteriaborga.it\TV\
Az. Agr. Zanette Giovanni\Via Pal, 14, 31040 Chiarano TV\\0422 746258\\TV\
Vini Gris - Produzione e Vendita Diretta Vini\Via Guietta, 17, 31040 Gorgo al Monticano TV\https://www.vinigris.it/\0422 752476\\TV\
Vitivinicola Canova Di Vedovato Ss\Via Callunga, 17, 31045 Motta di Livenza TV\\0422 863821\\TV\
Azienda Agricola Giuseppe Rigoni\Via Malintrada, 9, 31045 Motta di Livenza TV\\0422 860872\\TV\
Vini Zaghis  Prosecco e vino sfuso - Cantina\Via Postumia di Sala, 25, 31040 Gorgo al Monticano TV\https://www.vinizaghis.com/\328 498 3189\info@vinizaghis.com\TV\
Societ Agricola Moro Mario & Figli\Via Prepier, 23, 31040 Chiarano TV\\0422 746156\\TV\
Vigne Capraro\Via G. Verdi, 8, 31010 Cimadolmo TV\http://www.vignecapraro.it/\320 876 0967\info@vignecapraro.it\TV\
Facchin Antonio & Figli S.S. Soc. Agr.\Via Barucchella, 10, 31020 San Polo di Piave TV\https://www.antoniofacchin.com/it/\0422 743550\\TV\
Gravet S.r.l.\Via Cavalieri di Vittorio Veneto, 6, 31010 Cimadolmo TV\\0422 743129\\TV\
Cantina TabarinSoc. Agricola Baccichetto Agostino e figli s.s.\Via Roncadelle, 57, 31010 Cimadolmo TV\\349 504 4290\\TV\
Mike Dalto - Winery\Via Giazzera, 31051 Follina TV\http://www.mikedalto.com/\333 805 0852\\TV\Sponsorizzato
Antiche Cantine Brandolini\Via Giuseppe Mazzini, 5, 31030 Cison di Valmarino TV\https://artigianatovivo.it/antiche-cantine-brandolini/\\prolococison@pec.it info@artigianatovivo.it\TV\
Cantina Vigne Matte\Via Tea, 8, 31030 Rolle TV\https://www.vignematte.it/\0438 975798\info@vignematte.it\TV\
Cantina Stella snc\Via 3 Settembre, 1, 31030 Cison di Valmarino TV\http://www.cantinastella.it/\0438 85669\\TV\
Cantina di Codogne' - Vignaioli Veneto Friulani sca\Via Roma, 44, 31013 Codogn TV\\0438 794734\\TV\
Da Lozzo Vini\Via Valdoni, 13B, 31013 Cimavilla TV\http://www.dalozzovini.it/\349 449 1481\info@dalozzovini.it dalozzovini@pec.it\TV\
Spaccio Vini\Via Roma, 31013 Codogn TV\\\\TV\
Cantine Introvigne - Vini e Spumanti\Via del Lavoro, 6567, 31013 Codogn TV\http://www.cantineintrovigne.com/\0438 470327\info@cantineintrovigne.com\TV\
Tenute Ca dei Boz Winery\Via Gaziol, 11, 31014 Colle Umberto TV\http://www.cadeiboz.it/\351 688 3345\esempio@mail.com info@cadeiboz.it\TV\
Azienda Agricola Vignarosa Prosecco Doc\Via Bonemi, 7, 31014 San Sebastiano TV\https://www.vignarosa.it/\0438 200230\lodash@4.17.21 9a65e97ebe8141fca0c4fd686f70996b@sentry.wixpress.com 2062d0a4929b45348643784b5cb39c36@sentry.wixpress.com focus-within-polyfill@5.0.9 intl-segmenter@11.7.10 8c4075d5481d476e945486754f783364@sentry.io 271e9fa3230b4eec94b02bf95780f5f2@sentry.wixpress.com react@18.3.1 react-dom@18.3.1 605a7baede844d278b89dc95ae0a9123@sentry-next.wixpress.com ed436f5053144538958ad06a5005e99a@sentry.wixpress.com core-js-bundle@3.2.1 460ff4620fa44cba8df530afde949785@sentry.wixpress.com 8eb368c655b84e029ed79ad7a5c1718e@sentry.wixpress.com rspack@1.6.6 info@vignarosa.it\TV\
Prosecco Il Colle Wine\Via Colle, 15, 31020 San Pietro di Feletto TV\http://www.proseccoilcolle.it/\0438 486926\bootstrap@3.4.1 info@proseccoilcolle.it visit@proseccoilcolle.it\TV\
Toni Doro - Il Prosecco\Via dei Soldera, 24, 31029 Vittorio Veneto TV\http://www.proseccotonidoro.com/\349 891 8930\\TV\
Cantina di Vittorio Veneto\Via del Campardo, 3, 31029 Vittorio Veneto TV\https://cantinadiconeglianoevittorioveneto.it/\0438 500209\info@cantinacovive.it\TV\
Societ Agricola da Lozzo Romeo ed Enrico - Zinto\Via della Guizza, 93A, 31015 Conegliano TV\http://www.zintowine.com/\348 746 7039\\TV\
Ca Vittoria\Str. delle Caneve, 33, 31015 Conegliano TV\http://www.cavittoria.com/\0438 63851\info@cavittoria.com\TV\
Massimo Coletti vini\Via Amerigo Vespucci, 12, 31020 Colle Umberto TV\https://www.massimocoletti.it/\388 250 8123\coletti.vins@gmail.com\TV\
Azienda Agricola Damuzzo Gaetano - Vendita Prosecco\Via del Poggio, 21, 31015 Conegliano TV\https://www.proseccodamuzzo.it//\328 267 1182\info@proseccodamuzzo.it\TV\
Cantina di Conegliano e Vittorio Veneto SAC\Via S. Giuseppe, 54, 31015 Conegliano TV\https://cantinadiconeglianoevittorioveneto.it/\0438 410474\info@cantinacovive.it\TV\
L'Antica Quercia\Via Cal di Sopra, 8, 31015 Conegliano TV\http://www.anticaquercia.it/\0438 789344\info@laghiandaia.it info@anticaquercia.it\TV\
Ca' dei Falchi - Terre di Vino\Str. delle Bruscole, 15, 31015 Conegliano TV\http://www.cadeifalchi.it/\347 568 8581\\TV\
Azienda Agricola Borgo Antico\Str. delle Spezie, 39, 31015 Conegliano TV\http://www.borgoanticovini.com/it\0438 788111\info@borgoanticovini.com\TV\
Lucchetta Marcello Societ Agricola\Via Calpena, 38, 31015 Conegliano TV\http://www.lucchettavini.com/\0438 32564\your@email.com info@lucchettavini.com\TV\
Fattoria Conca D'oro\Via dei Colli, 55a, 31015 Conegliano TV\https://www.fattoriaconcadoro.com/\0438 450477\info@fattoriaconcadoro.com\TV\
BiancaVigna\Via Monte Nero, 8, 31015 Conegliano TV\http://www.biancavigna.it/\0438 788403\lodash@4.17.21 focus-within-polyfill@5.0.9 intl-segmenter@11.7.10 react@18.3.1 office@biancavigna.it info@biancavigna.it 605a7baede844d278b89dc95ae0a9123@sentry-next.wixpress.com react-dom@18.3.1 core-js-bundle@3.2.1 8eb368c655b84e029ed79ad7a5c1718e@sentry.wixpress.com rspack@1.6.6\TV\
Societ Agricola Gli Allori\Viale L. Spellanzon, 34, 31015 Conegliano TV\http://www.gliallori.eu/\346 307 5380\info@gliallori.eu vino@elated-themes.com\TV\
Bernardi Ogliano\Via Monte Nero, 15, 31015 Conegliano TV\http://www.bernardiogliano.it/\329 343 1048\\TV\
Azienda Vinicola Perini\Via Manzana, 4, 31015 Conegliano TV\https://www.periniprosecco.it/\0438 31598\info@periniprosecco.it\TV\
Carpen Malvolti Spa\Via Antonio Carpen, 1, 31015 Conegliano TV\http://www.carpene-malvolti.com/\0438 364611\info@carpene-malvolti.com your@mail.com\TV\
Mani Sagge - Cantina Locanda Agriturismo Wine Bar\Via Manzana, 46, 31020 San Pietro di Feletto TV\http://www.manisagge.com/\0438 155 0148\info@manisagge.com\TV\
Societ Agricola Le Manzane S. S.\Via Maset, 47b, 31020 San Pietro di Feletto TV\http://www.lemanzane.com/\0438 486606\info@lemanzane.it wineshop@lemanzane.it fontawesome-free@5.15.3 ui@4.0\TV\
Azienda Agricola Malibrn\Via Barca II, 63, 31058 Susegana TV\http://www.malibranvini.it/\0438 781410\info@malibranvini.it\TV\
Azienda Agricola Baldi\Via Marcor, 76, 31015 Ogliano TV\http://www.proseccobaldi.it/\333 426 6341\info@proseccobaldi.it\TV\
Prosecco La Svolta\Via Condel, 1, 31020 San Pietro di Feletto TV\https://www.proseccolasvolta.it/\351 756 7862\info@proseccolasvolta.it\TV\
Serena Wines 1881\Via Camillo Bianchi, 1, 31015 Conegliano TV\https://serenawines.it/\0438 2011\info@serenawines.it\TV\
CARMINA A. L.C. S.R.L.\Via Mangesa, 10, 31015 Conegliano TV\http://www.carmina.it/\0438 23719\info@carmina.it\TV\
Sanfeletto\Via Borgo Antiga, 39, 31020 San Pietro di Feletto TV\https://sanfeletto.simplybook.it/\0438 486832\sanfeletto@sanfeletto.it\TV\
De Riz Societ Agricola S.S.\Via Pianale, 72A, 31020 San Pietro di Feletto TV\http://www.proseccoderiz.it/\0438 196 7278\bootstrap@5.3.2 info@proseccoderiz.it\TV\
Cantine Maschio - Cantine Riunite & CIV\Via Cadore Mare, 2 31028, Visn TV\http://www.cantinemaschio.com/\0438 794115\\TV\
Colvendr\Via Liberazione, Via Drio Col, 39, 31020 Refrontolo TV\http://www.colvendra.it/\0438 894265\info@colvendra.it info@colvendra.com\TV\
Marchiori Soc. Agr. - Edizioni limitate di Prosecco Superiore DOCG Conegliano Valdobbiadene\Via Rialto, 3, 31010 Farra di Soligo TV\http://www.marchioriwines.com/\0438 801333\info@marchioriwines.com\TV\
CANTINE GREGOLETTO\Via S. Martino, 81, 31050 Premaor TV\http://gregoletto.it/\0438 970463\\TV\
Cantina Bernardi\Via Colvendrame, 25, 31020 Refrontolo TV\https://www.cantinabernardi.it/\0438 894153\bernardi@cantinabernardi.it\TV\
Conte Brandolini S.R.L.\Via Roma, 143, 31016 Cordignano TV\\0438 995386\\TV\
Salatin\Via Doge Alvise IV Mocenigo, 57, 31016 Cordignano TV\http://www.salatinvini.com/\0438 995928\popper.js@1.16.1\TV\
Riva dei Frati S.R.L. - Uffici e Magazzino\Via del Commercio, 31, 31041 Cornuda TV\http://www.rivadeifrati.it/\0423 639798\info@rivadeifrati.it info@pec.rivadeifrati.it\TV\
Azienda agricola di Nicola Giusti\Via Sant'Anna, 92, 31041 Cornuda TV\\0423 86682\\TV\
Cantine di Villa Sandi\Via Erizzo, 113a, 31035 Crocetta del Montello TV\https://www.villasandi.it/it/\\info@villasandi.it\TV\
Il Re Della Cantina Casa Vacanze\Via Belvedere, 31035 Crocetta del Montello TV\https://www.ilredellacantinacasavacanze.it/\335 722 1154\ilredellacantina.casavacanze@gmail.com\TV\
Bottega del Vino Villa Sandi\Via Erizzo, 107, 31035 Crocetta del Montello TV\https://www.villasandi.it/it/hospitality\0423 860916\info@villasandi.it\TV\
Mionetto Spa  Cantina\Via Piave, 27, 31035 Crocetta del Montello TV\https://www.mionetto.com/\0423 86238\\TV\
La Gioiosa\Via Erizzo, 113a, 31035 Crocetta del Montello TV\https://lagioiosa.it/\0423 8607\info@lagioiosa.it\TV\
A.C. Srl - Astoria Vini (Uffici)\Viale Antonini, 9, 31035 Crocetta del Montello TV\http://www.astoria.it/\0423 6699\info@astorialoungestore.it info@astoria.it\TV\
Societ Agricola Verdi Terre di Ciane\Via del Fante, 11B, 31035 Crocetta del Montello TV\http://ww.verditerrediciane.com/\347 002 0046\\TV\
Villa Sandi\Via Erizzo, 106a, 31035 Crocetta del Montello TV\https://www.villasandi.it/\\info@villasandi.it\TV\
AC SRL Astoria wines\Via Piave, 20, 31035 Crocetta del Montello TV\https://www.astoria.it/\0423 6699\info@astorialoungestore.it info@astoria.it\TV\
Az. Agr. Bressan Daniele\Via S. Rocco, 18, 31010 Farra di Soligo TV\http://www.bressandaniele.it/\347 110 4124\info@bressandaniele.it INFO@BRESSANDANIELE.IT\TV\
Villa Maria Spumanti - Prosecco Superiore\Via S. Francesco, 15, 31010 Farra di Soligo TV\http://www.villamaria-spumanti.it/\0438 801121\info@villamaria-spumanti.it\TV\
La Vinai\Via Vinai, 8, 31010 Farra di Soligo TV\http://www.lavinai.it/\339 664 9611\info@lavinai.it\TV\
Perlage Winery\Via Cal del Muner, 16, 31010 Farra di Soligo TV\http://www.perlagewines.com/\0438 900203\info@perlagewines.com\TV\
La Farra\Via S. Francesco, 44, 31010 Farra di Soligo TV\http://www.lafarra.it/\0438 801242\info@lafarra.it\TV\
Azienda Agricola Le Volpere - VITICOLTORI DI PENDIO -\Via Ugo Cecconi, 13, 31010 Farra di Soligo TV\https://www.levolpere.it/\0438 801204\gsap@3.12.5 info@levolpere.it\TV\
Enoteca Cantina Girardi Farra di Soligo\Via Monchera, 17, 31010 Farra di Soligo TV\http://www.cantinagirardi.com/\0438 801765\\TV\
Cantina Regina\Via S. Tiziano, 37, 31010 Farra di Soligo TV\http://reginabottega.com/\0438 83664\info@reginabottega.com\TV\
Azienda Agricola Soligo - Nardi Giordano\Via Piave, 13, 31010 Farra di Soligo TV\http://www.nardigiordano.com/\0438 145 2788\info@nardigiordano.com\TV\
CANTINA RIVA GRANDA SOC.AG. S.S. Valdobbiadene Prosecco Superiore Winery\Via Canal Vecchio, 5A, 31010 Farra di Soligo TV\http://www.proseccorivagranda.it/\333 461 8684\INFO@PROSECCORIVAGRANDA.IT\TV\
Le Rive de Nadal\Via dei Cavai, 42, 31010 Farra di Soligo TV\http://www.lerivedenadal.com/\320 577 7661\info@lerivedenadal.com ristoro@lerivedenadal.com\TV\
Azienda Agricola Ferronato Crystian\Via Col Buso, 10, 31010 Farra di Soligo TV\https://www.ferronatoprosecco.it/\339 425 2180\info@ferronatoprosecco.it\TV\
Follador Prosecco Wines\Via Gravette, 42, 31010 Farra di Soligo TV\https://www.folladorprosecco.com/\0438 898222\info@folladorprosecco.com\TV\
Arman Azienda Agricola di Arman Giuliano\Via S. Vigilio, 26, 31010 Farra di Soligo TV\\0438 989044\\TV\
Azienda Agricola Molinetto\Via Scandolera, 71B, 31010 Farra di Soligo TV\https://www.proseccomolinetto.it/\0438 898137\info@proseccomolinetto.it\TV\
Az. Agr. Alterive dei F.lli Zilli\Via Giarentine, 7, 31010 Farra di Soligo TV\https://www.alterive.it/\0438 898187\alterivezilli@libero.it\TV\
Moro Sergio vini\Via Crede, 10A, 31010 Farra di Soligo TV\https://www.morosergio.it/\346 499 4438\info@morosergio.it\TV\
Azienda Agricola Cal Monda\Via Cal Monda, 66, 31053 Pieve di Soligo TV\http://www.calmonda.com/\345 454 9776\infocalmonda@gmail.com marketing.calmonda@gmail.com utente@dominio.com.\TV\
Cantina ProgettiDivini\Via I Settembre, 20, 31010 Farra di Soligo TV\http://www.progettidivini.it/\0438 983151\info@progettidivini.com press@aromi.group\TV\
Societ Agricola Siro Merotto - Prosecco Superiore\Via Castelletto, 88, 31010 Farra di Soligo TV\http://www.siromerotto.it/\0438 989156\\TV\
UFFICI & SEDE OPERATIVA- Az. Agr. Merotto Graziano\Via Scandolera, 21, 31010 Farra di Soligo TV\https://www.merotto.it/\0438 989000\wineshop@merotto.it merotto@merotto.it\TV\
Azienda Agricola Biscaro Alessandro\Via Credazzo, 62, 31010 Farra di Soligo TV\http://www.collialsole.it/\340 540 7369\info@collialsole.it\TV\
Rive Vive\Via Patrioti, 52, 31010 Farra di Soligo TV\https://www.vivilerive.com/it/rive-vive/\\\TV\
Azienda Agricola Rizzetto\Via Canal Nuovo, 13, 31010 Farra di Soligo TV\\0438 898213\\TV\
Prosecco Toffoli\Via Liberazione, 26, 31020 Refrontolo TV\http://www.proseccotoffoli.it/\0438 978204\toffoli@proseccotoffoli.it info@proseccotoffoli.it export@proseccotoffoli.it\TV\
Fortuna Vini Srl\Via Sottoriva, 23, 31051 Follina TV\https://www.fortunavini.it/\0438 970306\info@fortunavini.it\TV\
Enoturismo Costa d'Or\SP152, 2, 31051 Follina TV\\339 615 8916\\TV\
Vignaioli Veneto Friulani S.c.a.\Via Vallonto, 25, 31043 Fontanelle TV\https://www.docfriuli.eu/le-aziende/vignaioli-veneto-friulani/\0422 809110\consorzio@docfriuli.eu info@vignaiolivf.it\TV\
Vini Da Re\Via Bosco, 33, 31043 Lutrano TV\http://www.vinidare.it/\0422 757194\\TV\
Cantine Gelsi Di Brugnera Massimo\Via Santa Maria del Pal I, 18, 31043 Fontanelle TV\https://www.cantinegelsi.com/\\info@cantinegelsi.com cantinegelsi@legalmail.it\TV\
Societ Agricola Antonio Introvigne\Via Roma, 275, 31043 Fontanelle TV\http://www.introvigne.it/\0422 749106\\TV\
Enoteca Adriatica\Sede legale - on-line only, Via Aleardi Aleardo, 1, 34134 Trieste TS\http://www.enotecaadriatica.com/\338 421 6749\\TS\
Cantina LA FONTE AZIENDA AGRICOLA\Via Le Case, 11, 06031 Bevagna PG\http://www.lafontedibevagna.it/\393 022 2229\info@lafontedibevagna.it visit@lafontedibevagna.it winery-logo@1x.png\PG\
Bressan Mastri Vinai\Via Conti Zoppini, 35, 34072 Farra d'Isonzo GO\http://www.bressanwines.com/\0481 888131\fulvio.bressan@gmail.com bressanwines@gmail.com jelena.misina.bressan@gmail.com\GO\
Azienda Agricola Denis Montanar\Via Malborghetto, 4, 33059 Villa Vicentina UD\http://www.denismontanar.it/\366 140 0327\\UD\
Azienda Agricola Blason di Blason Giovanni\Via Roma, 32, 34072 Gradisca d'Isonzo GO\https://blasonwines.com/\0481 92414\\GO\
La Castellada Di Bensa Giorgio E Nicolo Societa Agricola\Localit Oslavia, 1, 34170 Gorizia GO\http://lacastellada.it/\0481 33670\\GO\
Azienda agricola Fontana paolo Giuseppe\Loc, Via della Resistenza, 2, 33050 Mortesins UD\\348 794 9700\\UD\
La Viarte\Via Novacuzzo, 51, 33040 Prepotto UD\http://www.laviarte.it/\0432 759458\laviarte@laviarte.it\UD\
Alla Sorgente\Via della Sorgente, 2, 34125 Trieste TS\https://www.facebook.com/trattoria.alla.sorgente/\347 939 6519\\TS\
Cantina Fontechiara\Cascina Vallazza 10, 28021 Borgomanero NO\https://www.cantinafontechiara.com/\379 200 2734\\NO\
Zorzettig\Strada di Sant' Anna, 37, 33043 Spessa UD\http://www.zorzettigvini.it/\0432 716156\info@zorzettigvini.it\UD\
Stanig\Str. di Albana, 44, 33040 Albana UD\http://www.stanig.it/\0432 713234\info@stanig.it\UD\
Mario Schiopetto\Via Palazzo Arcivescovile, 1, 34070 Capriva del Friuli GO\http://www.schiopetto.it/\0481 80332\azienda@schiopetto.it\GO\
Vigna Traverso\Via Ronchi, 73, 33040 Prepotto UD\http://www.vignatraverso.it/\380 585 5386\\UD\
Cantine Fontezoppa\Contrada S. Domenico, 38, 62012 Civitanova Marche MC\http://www.cantinefontezoppa.it/\0733 790504\info@locandafontezoppa.com info@cantinefontezoppa.com\MC\
Terre Petrussa az. Agricola Biologica\Via Fornalis, 50, 33043 Cividale del Friuli UD\http://www.terrepetrussa.it/\348 247 4544\TERREPETRUSSA@GMAIL.COM terrepetrussa@gmail.com\UD\
Cantina La Salute srl\Via Salute, 8, 31047 Ponte di Piave TV\https://www.cantinalasalute.it/\0422 759298\cantinalasalute@pec.it info@cantinalasalute.it\TV\
Cantine Foltran Antonio\Via Sorgente, 29, 31018 Gaiarine TV\https://www.cantinefoltran.it/\335 520 0468\\TV\
Cantina Produttori Fregona s.c.a.\Via Castagnola, 50, 31010 Fregona TV\http://www.torchiato.com/\335 725 8133\info@torchiato.com\TV\
Piera Dolza\Via Castagnola, 50, 31010 Fregona TV\https://www.torchiato.com/prodotto/piera-dolza-docg-colli-di-conegliano-torchiato-di-fregona/\340 270 6497\info@torchiato.com\TV\
le Rughe\Via San Liberale, 57, 31018 Gaiarine TV\https://www.lerughe.it/\0434 75033\info@lerughe.it\TV\
Soc. Agricola Tenuta Pra' De Oro s.s.\Strada Calata, 7, 31018 Gaiarine TV\http://www.tenutapradeoro.it/\347 273 9200\tenutapradeoro@gmail.com\TV\
Vignaioli Veneto Friulani Gaiarine\Via Bruna, 36, 31018 Calderano TV\\\\TV\
Azienda Agricola Ca' del Bol\Via Pedemontana, 40, 31040 Giavera del Montello TV\http://www.cadelbole.it/\339 853 5881\cadelbole@gmail.com info@cadelbole.it\TV\
Cantina Vettorel - Quintapresa\Via del Solstizio, 20, 31040 Giavera del Montello TV\http://www.cantinavettorel.com/\349 095 2920\\TV\
La Cantina Pizzolato Srl - Logistics Warehouse\Via delle Industrie, 2, 31040 Giavera del Montello TV\http://www.lacantinapizzolato.com/\0422 928166\welcome@casaleterzo.com experience@lacantinapizzolato.com welcome@lacantinapizzolato.com\TV\
Bottega SpA\Via S. Cristoforo, 1, 31010 Bibano TV\http://www.bottegaspa.com/\0438 4067\info@bottegaspa.com\TV\
Casa Rosset\Via Pal, 29, 31010 Godega di Sant'Urbano TV\\347 810 1676\\TV\
Cappelverde\Via Belcorvo, 25, 31010 Godega di Sant'Urbano TV\\0438 782119\\TV\
Tenuta Belcorvo\Via Belcorvo, 38, 31010 Bibano TV\http://www.tenutabelcorvo.tv/\0438 782292\\TV\
Cantina Sociale Di Orsago S C A\Via Pontebbana, 24A, 31010 Orsago TV\\0438 992108\\TV\
Azienda Agricola Gava\Via Bosco, 38, 31010 Godega di Sant'Urbano TV\\348 731 3444\\TV\
Casa Vinicola Villa Moro S.R.L.\Via Chiarini, 28, 31020 San Vendemiano TV\http://www.villamorovini.it/\0438 777247\info@villamorovini.it\TV\
Az. Agr. Buffon Giorgio\Via Ferrovia, 18, 31010 Castello Roganzuolo TV\http://www.vinibuffon.com/\0438 400624\paperone@milacomm.it info@vinibuffon.it\TV\
Azienda Agricola Bosco Del Corner Di Ceccutto & C. S.S.\Via Daniele Manin, 1, 31040 Gorgo al Monticano TV\http://www.vini-bosco-corner.com/\0422 800017\html5shiv@3.7.3\TV\
AQUERCIA, vini e cantina\Via Malintrada, 28, 31040 Gorgo al Monticano TV\http://www.aquercia.it/\338 662 4679\info@aquercia.it\TV\
Rigoni Vittorino e Figli Snc Societ Agricola - Winery\Via Malintrada, 17, 31040 Gorgo al Monticano TV\http://www.rigonivittorino.com/\0422 746121\\TV\
La Vigna Storica\Via Redipuglia, 7, 31040 Gorgo al Monticano TV\\0422 740564\\TV\
Villa Castalda\Via G. Garibaldi, 1, 31040 Gorgo al Monticano TV\\0422 800042\\TV\
Azienda Agricola Lunardelli Luca\Via Livenza, 6, 31040 Gorgo al Monticano TV\\0422 742088\\TV\
Cantina Turus\Via dei Campi, 6, 34070 Mossa GO\http://www.cantinaturus.it/\349 475 2916\\GO\
Azienda Agricola Brotto Armando\Via del Capitello, 29, 34077 Ronchi dei Legionari GO\\\\GO\
Cantina Terragiara\31037 Loria TV\\\\TV\
Tenute Tomasella\Via Rigole, 103, 31040 Mansu TV\https://www.tenutetomasella.it/\0422 850043\info@tenutetomasella.it\TV\
Cantine Ermes\Via Restiuzza, 7, 31040 Mansu TV\https://www.cantineermes.it/\0422 756020\amministrazione@pec.cantineermes.it\TV\
Cantina Corazza\Via Baite, 15, 31040 Mansu TV\\349 509 2868\\TV\
Cantina Mareno Societ Cooperativa Agricola\SP45, 53, 31010 Mareno di Piave TV\http://www.cantinamareno.it/\0438 492321\\TV\
Azienda Agricola la Jara\Via San Michele, 3, 31010 Mareno di Piave TV\http://www.lajara.it/\0438 488290\info@lajara.it\TV\
Azienda Agricola VENTURIN ARCANGELO\31010 Mareno di Piave TV\http://www.venturinvini.it/\0438 28886\\TV\
Frassinelli Gianluca\Via della Vittoria, 11, 31010 Mareno di Piave TV\https://www.frassinelli.it/\347 579 8681\info@frassinelli.it roberta.frassinelli@frassinelli.it gianluca.frassinelli@frassinelli.it\TV\
Iris Vigneti\Via Grave, 1, 31010 Mareno di Piave TV\http://www.irisvigneti.it/\0438 488302\\TV\
Vinicola CIDE SRL\Via delle Liberazione, 17, 31010 Mareno di Piave TV\https://vinicide.eu/it/\0438 492562\\TV\
Cantina Nardin Fabio Giovanni\Via Distrettuale, 9, 31010 Mareno di Piave TV\http://www.cantinanardin.com/\0438 30096\\TV\
Azienda agricola dai Tober\Via Garibaldi Giuseppe, 11, 31010 Maser TV\\\\TV\
Mostaccin\Via Calmoreggio, 15, 31010 Maser TV\http://mostaccin.it/\333 463 1416\info@mostaccin.it\TV\
Az. agricola Dai Rossi\Via Gabriele D'Annunzio, 11, 31010 Maser TV\\347 246 1214\\TV\
Casa Diamante Maser\Via Barbaro, 4, 31010 Maser TV\https://www.villadimaser.it/bar-shop/?lang=en\0423 565603\info@villadimaser.it Italiawine@villadimaser.it wine@villadimaser.it turismo@casadiamante.it visite@villadimaser.it info@casadiamante.it shop@villadimaser.it\TV\
Villa di Maser\Via Cornuda, 7, 31010 Maser TV\https://www.villadimaser.it/\0423 923004\info@villadimaser.it Italiawine@villadimaser.it wine@villadimaser.it info@casadiamante.it visite@villadimaser.it turismo@casadiamante.it shop@villadimaser.it\TV\
Strada del Vino Asolo e Montello\Piazza Municipio, 1, 31010 Maser TV\https://stradavinoasolomontello.it/\328 597 3466\info@stradaasolomontello.it info@stradavinoasolomontello.it\TV\
La Fornase Srl Soc. Agr.\Via LOVERE 8, 31040 Meduna di Livenza TV\https://www.lafornase.com/\0422 545109\info@lafornase.com lafornase@legalmail.it\TV\
CORTE ABBATI\Via Postumia, 18, 31040 Meduna di Livenza TV\http://www.corteabbati.it/\393 479 5587\\TV\
CANTINA TREVISAN\Via Corn, 14, 31045 Motta di Livenza TV\http://www.vinitrevisan.com/\0422 860090\info@vinitrevisan.com\TV\
Azienda Agricola Moschetta\Via Santa Maria, 19, 33087 Pasiano di Pordenone PN\http://www.moschetta.it/\339 745 3620\johndoe@domain.com. info@moschetta.it\PN\
Azienda Agricola Marson\di, Via Parussa, 20, 33087 Pasiano di Pordenone PN\\347 699 9120\\PN\
Capo Di Vigna Societ Agricola s.s.\Via Riviera Pompeo Molmenti, 64, 31045 Motta di Livenza TV\http://www.capodivigna.it/\351 978 7022\info@capodivigna.it tonetmrc@gmail.com\TV\
Moletto societ Agricola s.s.\Via del Moletto, 19, 31045 Motta di Livenza TV\http://www.moletto.com/\0422 861635\moletto@pec.it bootstrap-icons@1.11.3\TV\
Bosco Albano\Via Bosco di Cecchini, 27b, 33087 Pasiano di Pordenone PN\http://www.boscoalbano.com/\0434 628678\bosco-albano-srl@pec.it tenuta@boscoalbano.com\PN\
Cantina Bergamo Vini & Bottega veneta Vidis\Via Vidis, 16, 31045 Motta di Livenza TV\http://www.bergamovini.it/\0422 768032\info@bergamovini.it\TV\
Bosco del Merlo\Via Postumia, 14, 30020 Annone Veneto VE\http://www.boscodelmerlo.it/\0422 768167\slick-carousel@1.8.1\VE\
Societ Agricola Marcuzzo di Roberto & Figli\Via Guietta, 22, 31045 Motta di Livenza TV\http://www.vinimarcuzzo.it/\0422 860021\info@vinimarcuzzo.it\TV\
Casa Paladin - Cantina, Vendita Vini e Degustazioni\Via Postumia, 12, 30020 Annone Veneto VE\http://www.casapaladin.it/\0422 768167\info@castellobonomi.it casa@casapaladin.it info@chianticastelvecchi.it vinoteca@paladin.it info@carecom.it boscodelmerlo@boscodelmerlo.it\VE\
Cantina Gava\Via Fratte, 25 33080 Cimpello, Fiume Veneto PN\http://www.cantinagavashop.com/\0434 561379\ChatGPT_Image_24_feb_2026_10_53_44_580x@2x.png DJI_0046_580x@2x.JPG CANTINA_GAVA_580x@2x.jpg Progetto_senza_titolo_580x@2x.png DJI_0cantina_esterno_di_sera_2_580x@2x.jpg bottigliamalbech_580x@2x.jpg brindisi_rosso_580x@2x.jpg Baginbox_1_bddd4def-11f5-4a40-bfb5-003bdf184bd3_580x@2x.png ChatGPTImage29gen2026_10_53_34_580x@2x.png ChatGPTImage12mar2026_10_45_07_580x@2x.png ChatGPTImage12mar2026_11_05_50_580x@2x.png ChatGPT_Image_28_gen_2026_14_11_19_580x@2x.png ChatGPT_Image_17_feb_2026_10_23_16_580x@2x.png bottigliachardonnay_580x@2x.jpg\PN\
Tenuta Livenza\Via Vidis, 31045 Motta di Livenza TV\http://www.tenutalivenza.it/\349 615 5576\\TV\
Cantina Vitivinicola Bolzan\Strada dei Vini, 8, 33087 Cecchini PN\https://www.vinibolzan.com/\0434 612961\vinibolzan@libero.it\PN\
Terra Musa di Moreno Musaragno & C.s.s. Soc. Agr.\Via Callalta, 13, 30020 Pramaggiore VE\http://www.terramusa.it/\0421 799155\musaragno@musaragno.com\VE\
Boatto Giovanni Azienda Vinicola\Via Morana, 34, 30029 San Stino di Livenza VE\http://www.viniboatto.it/\0421 311352\\VE\
Tenuta Vitivinicola A mi manera\Via Caduti per la Patria, 27a, 30026 Lison VE\http://www.vinicolamimanera.com/\345 335 5527\\VE\
Tenuta Polvaro Winery  Famiglia Candoni De Zan\V. Polvaro, 35, 30020 Annone Veneto VE\https://www.tenutapolvaro.com/\0422 152 3061\\VE\
Acquasanta Hostaria\Piazza Umberto I, 40, 31040 Meduna di Livenza TV\https://acquasanta.biz/\0422 193 0201\info@acquasanta.biz lenis@1.0.35 info@palazzoparadiso.it\TV\
LaGRE vini\Via Roma, 95, 33087 Pasiano di Pordenone PN\\379 241 3105\\PN\
Le Monde\Via Giuseppe Garibaldi, 2, Loc. Le Monde, 33080, 33080 Prata di Pordenone PN\http://www.lemondewine.com/\0434 622087\info@lemondewine.com 626096info@lemondewine.com\PN\
Torre Maschia\Via Triestina, 31, 30026 Portogruaro VE\http://www.torremaschia.it/\348 929 2001\geral@smartbox.com info@vignemarcon.it info@torremaschia.it info@torremaschia.at\VE\
Cantine Viticoltori Veneto Orientale Societa' Agricola Cooperativa In\Via Sant'Antonino, 34, 31045 Motta di Livenza TV\https://www.vivocantine.it/it\0422 766234\vivocantine@pec.it info@vivocantine.it\TV\
Cantine Il Barone\Via Boa di Pramaggiore VE IT, Via Belfiore, 25, 30020 Pramaggiore VE\http://www.cantineilbarone.com/?utm_source=google&utm_medium=mybusiness&utm_campaign=mybusiness\347 159 9589\info@cantineilbarone.com\VE\
BorgoRive\Via, Casale Vacca, 3, 31050 Miane TV\\340 789 3526\\TV\
Paoletti Luigi\Via Pr Jacobino, 31050 Miane TV\http://www.azagrpaolettiluigi.com/\347 899 7216\abuse_rs@altervista.it\TV\
Azienda Agricola Moncader di Fabrin Luciana\Casale Moncader, 19, 31050 Combai di Miane TV\http://www.moncader.it/\0438 989143\info@moncader.it\TV\
Serre di Pederiva - Wine Tasting and Shop\Casale Vacca, 8, 31050 Miane TV\https://www.proseccoserre.com/\351 477 0880\info@proseccoserre.com vinoteca@proseccoserre.com serre.srl@legalmail.it info@proseccoserre.comwineshopMob.\TV\
Riva Dei Tr\Casale Vacca, 10, 31050 Combai TV\http://www.rivadeitor.it/\333 131 3861\info@rivadeitor.it\TV\
Az. Agr. Rebuli Angelo & Figli s.a.\Str. per Saccol, 40, 31049 Valdobbiadene TV\http://www.rebuli.it/\0423 973307\bootstrap@5.3.3 slick-carousel@1.8.1 info@rebuli.it\TV\
Garbara Cartizze\Via Menegazzi, 19, 31049 Santo Stefano TV\http://www.garbara.it/\0423 900155\garbara.soc.agr@pec.it info@garbara.it info@garbara.it.\TV\
Primavera del Prosecco Superiore\Piazza Squillace, 2, 31050 Combai TV\http://www.primaveradelprosecco.it/\327 854 8951\info@primaveradelprosecco.it\TV\
SERRE S.r.l.\Via Giuseppe Verdi, 78, 31010 Farra di Soligo TV\http://www.proseccoserre.com/\0438 893502\info@proseccoserre.com vinoteca@proseccoserre.com serre.srl@legalmail.it info@proseccoserre.comwineshopMob.\TV\
Ristorante Da Gigetto\Via Alcide De Gasperi, 5, 31050 Miane TV\http://www.ristorantedagigetto.it/\0438 960020\\TV\
