Allevamento Tino - Salumificio F.lli Zorza\Localit Ca de Tocchi, 8, 26020 Acquanegra Cremonese CR\\347 501 8056\\CR\
LE BUFALIZIE\Via Giuseppe Verdi, 1, 26023 Grumello Cremonese ed Uniti CR\http://gruppocaffi.it/\0372 729669\\CR\
FATTORIE CREMONA\Via Ostiano, 70, 26043 Persico Dosimo CR\https://www.fattoriecremona.it/\0372 455646\\CR\
Latteria Pizzighettonese Soc. Agricola Coop.\Via Montegrappa, 8789, 26026 Pizzighettone CR\https://latteriapizzighettone.it/\0372 743013\\CR\
Caseificio Zucchelli A Di Zucchelli Carmelita E C Snc\Via Osse-Fossadoldi, 26032 Ostiano CR\http://www.caseificiozucchelli.it/\0372 85045\\CR\
La Casearia Di Bragazzi Srl\Via Mantova, 42, 26100 Cremona CR\\0372 437524\\CR\
Cantarelli Rag. Giuseppe\46011 Acquanegra Sul Chiese MN\http://www.caseificiocantarelli.it/it/\0376 79110\\MN\
Negozio  Caseificio Angelo Croce\Via C. Battisti, 65, 26841 Casalpusterlengo LO\https://shop.caseificioangelocroce.it/\0377 84236\\LO\
Caseificio Borgonovo S.N.C.\Via Borgonuovo S. Lorenzo, 43, 29010 Monticelli d'Ongina PC\http://www.caseificioborgonovo.com/\0523 827027\\PC\
Cascina Ded\Cascina Propio n.2, 26812 Borghetto Lodigiano LO\https://cascinadede.it/\0371 80238\\LO\
Caseificio del Cigno S.p.A.\SP472, Localit Santa Lucia, 26020 Agnadello CR\http://www.caseificiodelcigno.it/\0373 93048\\CR\
Chiodo Ferrante Srl\Via Alcide De Gasperi, 14, 26010 Ripalta Cremasca CR\http://www.chiodoformaggi.it/\0373 68296\fancybox@3.5.7\CR\
Calza Clemente S.R.L.\Via G. Ambrosoli, 5, 26020 Acquanegra Cremonese CR\http://www.calzaclemente.it/\0372 70012\info@calzaclemente.it\CR\
Gennaro Auricchio Spa\Via Solferino, 1, 26035 Pieve San Giacomo CR\http://www.auricchio.it/\0372 640212\\CR\
Giovanni Uberti 1896 Srl\Via Bovis, 2, 26025 Pandino CR\https://uberti-pandino.it/\0373 90411\\CR\
Casearia Bresciana Ca.Bre (Cadignano)\Localit Cabre 25028, Cadignano BS\https://www.cabre.it/\030 936511\\BS\
Caseificio Cooperativo Casa Nuova srl\Via Caorso, 15, 29016 Cortemaggiore PC\http://www.caseificiocasanuova.it/\0523 835064\\PC\
Latteria Soresina\Via dei Mille, 1317, 26015 Soresina CR\http://www.latteriasoresina.it/\0374 349111\info@latteriasoresina.it aos@2.3.1\CR\
Caseificio Cantarelli\\https://lsmgroup.it/\\\\
Santangiolina Latte Fattorie Lombarde Soc. Agr. Cooperativa\Via Guido Rossa, 3, 26025 Pandino CR\http://www.santangiolina.it/\0373 920420\\CR\
Industria Casearia Raimondi\Cascina Mandella, 26864 Ospedaletto Lodigiano LO\https://caseariaraimondi.it/\0377 86118\info@caseariaraimondi.it\LO\
P.l.a.c. Soc. Cooperativa Agricola\Via Bastida, 14, 26100 Cremona CR\\\\CR\
Latteria di Pandino-spaccio formaggi\Via Milano, 112, 26025 Pandino CR\\0373 90123\\CR\
Caseificio Sangiovanni S.R.L.\Via Torlino, 40, 26020 Palazzo Pignano CR\https://www.gorgonzola.com/associati-consorzio/caseificio-san-giovanni-srl/\\\CR\
Azienda Agricola Camp' dell' Am\Via per Casarico, 22079 Lurate Caccivio CO\\389 073 2399\\CO\
Caseificio Conte Ajmo\Via Giuseppe Bianchi, 30, 26025 Gradella CR\https://www.caseificioconteajmo.it/\0373 91763\react-dom@18.3.1 focus-within-polyfill@5.0.9 core-js-bundle@3.2.1 605a7baede844d278b89dc95ae0a9123@sentry-next.wixpress.com react@18.3.1 lodash@4.17.21 8c4075d5481d476e945486754f783364@sentry.io 79baaa8e09c746d2b7401643b99792e0@sentry.wixpress.com info@caseificioconteajmo.it\CR\
Caseificio Campiotti & C. snc\Via Villanuova, 12, 25030 Ludriano BS\http://www.caseificiocampiotti.it/\030 709 0123\\BS\
Latteria Sociale Coop di Ca' De' Stefani - Spaccio\Via Padana Inferiore, 11, 26039 Ca' De' Stefani CR\https://latteriacadestefani.it/index.php/it/\0372 830447\info@latteriacadestefani.it\CR\
Negozio Latteria Soresina\Via Bassa Di Casalmaggiore, 4, 26049 Forcello CR\https://www.latteriasoresina.it/\0372 57037\info@latteriasoresina.it aos@2.3.1\CR\
Saviola Spa\Via Cremona, 23, 46012 Bozzolo MN\\0376 920176\\MN\
Caseificio Giovanni Invernizzi (S.R.L.)\Via G. Mazzini, 40, 24040 Pontirolo Nuovo BG\http://www.caseificioinvernizzi.it/\0363 880145\\BG\
Caseificio Torre Pallavicina\Via Sante Giulie, 50, 24050 Torre Pallavicina BG\https://www.caseificiotorrepallavicina.it/\0363 996523\info@torrebg.it\BG\
Lo Spaccio Giani Leone Srl - Industrie Casearie\S.da Provinciale ex S.da Statale 596 dei Cairoli, 16, 27020 Carbonara al Ticino PV\https://www.lospacciogianileone.com/\0382 400655\info@gianileonesrl.com lospaccio@gianileonesrl.com ionicons@5.5.2\PV\
Caseificio Di Domenico Armando Sas Di Di Domenico\Via G. Puecher, 8, 20060 Zona Industriale MI\\02 9535 9376\\MI\
Caseificio Casari\Via C. Alberto, 155, 27023 Cassolnovo PV\https://www.caseificiocasari.it/\0381 910099\caseificio.casari@tiscali.it\PV\
Zuvadelli Michele e Flavio S.A.S.\Via Crema - Vailate, 4, 26017 Quintano CR\\353 463 5928\\CR\
Cascina fienile\8W27W24, 26010 Azzanello CR\\\\CR\
Caseificio Azzoni\Str. Ex Provinciale Romana, 181, 46027 Moglia MN\http://www.caseificioazzoni.it/\349 702 9803\\MN\
LATTERIA SOCIALE CA' DE' STEFANI SCA\Via Padana Inferiore, 12, 26039 Ca' De' Stefani CR\https://latteriapizzighettone.it/\0372 743013\\CR\
AL CASEIFICIO DI BUFALO BOUTIQUE - MOZZARELLA DI BUFALA\Via Milano, 42, 26013 Crema CR\http://www.bufaloboutiquecrema.it/ita/\366 970 8400\\CR\
Caseificio Mor Stabilini Snc Di Mor Stabilini Carlo & C.\Strada Statale 235, 13, 26835 Crespiatica LO\\0371 484341\\LO\
Cascina Serragli di Mezzo spaccio agricolo nonno mario\C.na Serragli di Mezzo, 26010 Dovera CR\https://www.spaccioagricolononnomario.com/\347 737 4208\\CR\
Cremonesi Elino SRL\Via Rossignoli, 33, 26013 Crema CR\http://www.cremonesiformaggi.it/\0373 200142\info@cremonesiformaggi.it\CR\
Caseificio F.Lli Pozzali Srl\Viale Piave, 81, 26900 Lodi LO\\0371 67852\\LO\
C.S. Naturalcaseario\Via Raffaello Sanzio, 15, 26013 Crema CR\\\\CR\
Galbani Egidio (S.P.A.)\Via Roma, 3, 26010 Casale Cremasco-Vidolasco CR\https://www.galbani.it/\0373 455200\\CR\
Latteria Sociale Pieve Rossa\Via Provinciale Nord, 17, 42011 Bagnolo in Piano RE\\0522 951517\\RE\
Caseificio Lait - Soc. Coop. Agricola\Via Brescia, 8, 25021 Bagnolo Mella BS\https://caseificiolait.it/\030 682 1524\info@caseificiolait.it\BS\
Paride Venturelli Srl\Via Crema, 68, 26010 Bagnolo Cremasco CR\http://www.parideventurelli.it/\0373 648092\info@parideventurelli.it\CR\
Pozzali Lodigrana - Produzione Bella Lodi e Raspadura Bella Lodi\4, Piazza S. Pietro, Martire, 26010 Casaletto Ceredano CR\http://www.bellalodi.it/\\\CR\
Caseificio SI Invernizzi - Gorgonzola DOP e formaggi erborinati\Via Romentino, 98, 28069 Trecate NO\http://www.invernizzisi.it/\0321 783090\\NO\
Caseificio Zucchelli S.r.l.\Cascina Marmorina, 18, 26863 Orio Litta LO\https://www.caseificiozucchelli.com/\0377 804115\info@caseificiozucchelli.com\LO\
Fattoria Maccazzola Caseificio\Via Podere della Vigna, 27, 20019 Settimo Milanese MI\\335 580 5261\\MI\
Azienda Agricola Borra - Caseificio, fattoria, formaggi, animali\Via Cascina Mazzafame, 25, 21052 Borsano di Busto Arsizio VA\\340 316 9373\\VA\
Societ Agricola F.lli Ponti S.S.\Via privata delle industrie, 7, 20834 Nova Milanese MB\https://www.facebook.com/Azienda-agricola-Ponti-100855691581414/\366 390 7871\\MB\
Caseificio Fattoria Scalabrini\Via S. Michele, 1C, 42021 Bibbiano RE\https://www.fattoriascalabrini.it/\0522 882344\shop@fattoriascalabrini.it gmtomeo@gmail.com\RE\
Mobili Montani\Via dell' Agricoltura, 26, 26026 Pizzighettone CR\https://www.mobilimontani.it/\0372 743899\intersection-observer-polyfill@0.1.0\CR\Sponsorizzato
A.l.f.r.a Di Nicoletti\Via Ostiano, 311, 26043 Persico Dosimo CR\http://alfrafood.com/\0372 54068\info@alfrafood.com\CR\
Caseificio Bolide Eredi Bonetta di Alfianello\Strada Santi Micheli, 1012, 25020 Alfianello BS\http://www.caseificiobolide.it/\030 993 6090\amministrazione@eredibonetta.com\BS\
Latteria Sociale Stallone Srl\Via Dante, 51, 29010 Villanova sull'Arda PC\https://www.latteriasocialestallone.it/\0523 837217\\PC\
Ca' De Alemanni\localit Ca' de Alemanni, 26030 Malagnino CR\http://www.cadealemanni.it/\342 553 0200\info@cadealemanni.it\CR\
Caseificio Sociale S.Salvatore\Via, S.da Sabbiata, 20, 43052 Colorno PR\http://www.caseificiosansalvatore.it/\0521 814240\\PR\
Maghenzani Cav. Guido & Figlie spa\Via I Maggio, 12, 43017 San Secondo Parmense PR\http://www.maghenzani.net/\0521 872157\info@primebox.co.uk\PR\
Azienda Agricola Madonna della Neve\Cascina Colomberone, 17, 26010 Sergnano CR\http://aziendaagricolamadonnadellaneve.it/\340 325 8471\\CR\
Azienda Agricola Manerba Ermes\Via Bosche, 34, 46040 Cavriana MN\\0376 806042\\MN\
Latteria Sociale S. Luigi\Via Campedello, 43010 Trecasali PR\\0521 878151\\PR\
Caseificio Ferretti Srl\Via Verolanuova, 7274, 25034 Orzinuovi BS\http://www.caseificio-ferretti.it/\030 942741\caseificio.ferretti@legalmail.it info@caseificio-ferretti.it info@caseifici-ferretti.it\BS\
Caseificio Salernitano S.P.A.\Via Carlo Porta, 67, 20064 Gorgonzola MI\https://www.caseificiosalernitano.it/\02 9530 1546\\MI\
Caseificio Sociale Giardino Societa Cooperativa Agricola\Via Giardino, 25030 Orzivecchi BS\\030 946 0689\\BS\
Bertanza Formaggi S.R.L.\Via Vittorio Veneto, 5, 25034 Orzinuovi BS\http://www.bertanzaformaggi.it/\030 941304\info@bertanzaformaggi.it\BS\
La Bottega di Cabre - Spaccio\Localit Cabre, 10, 25020 Cadignano di Verolanuova, Verolanuova BS\http://www.cabre.it/\030 93651\\BS\
Caseificio Boldini Spa\Via Macina, 64, 25014 Castenedolo BS\https://caseificioboldini.it/\030 273 3061\info@caseificioboldinigb.com mildhill@qodeinteractive.com\BS\
Azienda Agricola Francesconi\Cascina Bazzarda, 15, 24050 Covo BG\http://agricolafrancesconi.com/\339 783 0027\info@agricolafrancesconi.com info@agricolafrancesconi.it info@thecybersystem.it\BG\
Casa Lodi\Via IV Novembre, 47P, 26013 Crema CR\https://www.casa-lodi.it/\331 185 7755\info@casa-lodi.it\CR\Sponsorizzato
Carena Angelo e Figli Snc\Via Pozzo Bonella, 7, 26853 Caselle Lurani LO\https://www.caseificiocarena.it/\0371 96054\\LO\
Casearia Ambrosiana Spa\Via Achille Grandi, 4 c, 20068 Bettola-Zeloforamagno MI\\02 5530 8301\\MI\
Stella Bianca S.r.l.\Via Privata S. Rosa, 5, 26816 Ossago Lodigiano LO\https://www.stellabianca.it/\0371 87781\\LO\
Caseificio Corte Ambrosio\Localit Irta, 1, 25010 Pozzolengo BS\\030 991 6217\\BS\
Azienda Agricola Ca Di Blac\V. Pezze, 24060 Adrara San Martino BG\http://it-it.facebook.com/AziendaAgricolaCadiBlac/\389 276 7970\\BG\
Cantarelli S.P.A. Industria Casearia\Via Pieve Cadelora, 24A, 46041 Asola MN\\0376 719096\\MN\
Caseificio Il Bello del Latte\Via Pablo Neruda, 3, 20063 Cernusco sul Naviglio MI\https://www.facebook.com/ilbellodellatte/\335 625 0074\\MI\
Caseificio Sociale Val Tidone\Str. mottaziana, localit colomabarola108, 29011 Borgonovo Val Tidone PC\\0523 862545\\PC\
Bettoni Formaggi Snc\Via delle Industrie, 30, 46013 Canneto sull'Oglio MN\\0376 70127\\MN\
Latteria Sociale S. Angelo\Via Contrargine Nord, 5, 46010 Marcaria MN\https://www.latteriasantangelo.it/\0376 96119\info@latteriasantangelo.it\MN\
Lacto Siero Italia Spa\Via Giuseppina, 15, 46012 Bozzolo MN\\0376 910711\\MN\
Latteria Casaticese\Via S. Michele, 2A, 46010 Marcaria MN\https://www.granapadano.it/it-it/il-consorzio-di-tutela/i-protagonisti-i-consorziati/latteria-casaticese-societa-agricola-coop-va/\0376 950085\casaticese@mynet.it goitese@latteriagoitese.it\MN\
Agricoltori Riuniti Cremonesi Mantovani\Via Case Sparse, 16, 26041 Quattrocase, Casalmaggiore CR\\0375 59174\\CR\
Latteria Agricola S. Valentino\Str. Patrimoniale, 40, 46010 Marcaria MN\http://www.latteriasanvalentino.it/\0376 925266\\MN\
Latteria Agricola Primavera Soc. Coop. Agr.\Str. Barco, 3, 46010 Marcaria MN\\0376 969093\\MN\
Iris Societa Cooperativa Agricola\Cascina Regona, 1, 26030 Calvatone CR\http://www.iriscoop.bio/\0375 97115\\CR\
Santangiolina Latte Fattorie Lombarde Soc.Agr. Cooperativa\Via Avis, 134, 46049 Volta Mantovana MN\http://www.santangiolina.com/\0376 83404\\MN\
Elite Formaggi Srl\Via Sardegna, 69, 46041 Asola MN\\0376 720980\\MN\
Valcolatte\Via Firenze, 16, 29010 Valconasso PC\https://valcolatte.it/\0523 519043\\PC\
Latteria Agricola Marzette Soc. Coop. (S.R.L.)\Strada Comunale Marzette, 14, 46023 Gonzaga MN\\0376 54067\\MN\
Industria Casearia Villa\Localita ' Montagnano, Strada Provinciale di Vigolo, 29014 Castell'Arquato PC\\0523 896293\\PC\
Casearia S.Antonio S.R.L.\106 Via Chiaviche, Pegognaga, MN 46020\\0376 558412\\46020\
Caseificio San Silvestro jj\Via Vittorina Gementi, 58, 46010 Eremo MN\\\\MN\
Caseificio Butteri\Via Scipione Passeri, 193, 43039 Salsomaggiore Terme PR\https://www.caseificiobutteri.it/\0524 570722\info@caseificiobutteri.it\PR\
Latteria Agricola Arrivabene - Soc.Agr.Coop.\Via Segonda, 13, 46025 Poggio Rusco MN\\0386 51206\\MN\
Zarpellon\Via Badia, 36043 Camisano Vicentino VI\http://www.zarpellon.it/\0444 610166\info@zarpellon.it\VI\
Caseificio Dal Pozzolo Srl\Via Roma C., 41, 36043 Camisano Vicentino VI\https://www.granapadano.it/it-it/il-consorzio-di-tutela/i-protagonisti-i-consorziati/caseificio-dal-pozzolo-srl/\0444 610143\caseificiodalpozzolo@virgilio.it goitese@latteriagoitese.it\VI\
Caseificio Sociale Castellazzo\V. Don Primo Mazzolari, 12, 42012 Campagnola Emilia RE\http://www.parmigianoreggianocastellazzo.it/\0522 652862\\RE\
Caseificio La Via Lattea\Via Provinciale per Verdello, 33, 24053 Brignano Gera d'Adda BG\http://www.caseificiolavialattea.it/\0363 817001\info@caseificiolavialattea.it\BG\
Caseificio Taddei srl\Via S. Vitale, 19, 24040 Fornovo San Giovanni BG\https://www.caseificiotaddei.it/\0363 57120\\BG\
QUATTRO PORTONI S.r.l. Societ Agricola\via Crema, 69, 24055 Cologno Al Serio BG\https://www.quattroportoni.it/\035 896507\\BG\
Latteria Sociale di Calvenzano\Largo XXV Aprile, 6, 24040 Calvenzano BG\http://www.latteriacalvenzano.it/\0363 709808\info@latteriacalvenzano.it\BG\
Arrigoni Formaggi\Via Treviglio, 940, 24040 Pagazzano BG\http://www.arrigoniformaggi.it/\0363 031203\\BG\
3 B Latte S.R.L.\Via Cologno, 10, 24053 Brignano Gera d'Adda BG\http://www.3blatte.it/\0363 814581\3blatte@pec.axia.it info@3blatte.it\BG\
Azienda Agricola Guareschi di Mario Guareschi\Str. Canaletto, 2, 43010 Roccabianca PR\https://www.agricolaguareschi.it/\348 560 8215\info@agricolaguareschi.it\PR\
Apl Agri Piacenza Latte\Via Fiorenzuola, 13A, 29016 Cortemaggiore PC\https://www.agripclatte.it/\0523 610171\agripclatte@agripclatte.it\PC\
Consorzio Cooperativo Produttori Latte (Soc.Coop.R.L.)\Via Sante Giulie, 24, 24050 Torre Pallavicina BG\\0363 996523\\BG\
Caseificio Perrella - TuaLat s.r.l.\Via della Siderurgia, 12, 37139 Verona VR\https://www.caseificioperrella.it/\045 851 1035\\VR\
Caseificio Guareschi\Str. Canaletto, 8, 43010 Roccabianca PR\\348 560 8215\\PR\
Caseificio Montauro\Str. delle Berettine, 48A, 43012 Fontanellato PR\https://caseificiomontauro.it/\0524 572151\segreteria@caseificiomontauro.it intersection-observer-polyfill@0.1.0\PR\
Azienda Agricola e Caseificio Consoli Gianluca\Via Lazzaretto, 25038 Rovato BS\http://www.agricolaconsoli.com/\333 446 3200\\BS\
Arrigoni Battista (S.P.A.)\Via Treviglio, 940, 24040 Zona Industriale BG\http://www.arrigoniformaggi.it/\0363 381666\\BG\
Cascina Margherita\Via S.S. Trinit, 14, 26010 Capergnanica CR\https://www.facebook.com/CascinaMargheritaCapergnanica/?ref=aymt_homepage_panel&eid=ARAavbMdYCnk2JPJhxr7M8OykApZOSzUnG02MSm5kQ7nqZ_scLsr22CVqvPrtKoMZ4emNc650Z7PPRar\345 380 5793\\CR\
CRA FORMAGGI ITALIA\Via Monsignor Maruti, 14, 26012 Castelleone CR\http://www.craformaggiitalia.it/\346 610 2210\\CR\
Caseificio F.Lli Paleni Snc Di Paleni Fabrizio & C.\Via Guglielmo Marconi, 39, 24020 Ranica BG\http://www.caseificiopalenigromo.it/punti-vendita/ranica\035 515541\info@caseificiopalenigromo.it caseificiopalenisnc@pec.buffetti.it\BG\
Caseificio Arnoldi Formaggi\Via Rigla, 26, 24010 Ponteranica BG\http://www.arnoldiformaggi.com/\035 572439\\BG\
Caseificio Monaci S.r.l.\Via Roncaglia Entro, 83, 24015 San Giovanni Bianco BG\https://caseificiomonaci.wixsite.com/caseificiomonaci\0345 43593\react@18.2.0 wix-fonts@1.14.0 react-dom@18.2.0\BG\
Casearia Arnoldi Valtaleggio\Via Piazze, 156, 24010 Peghera BG\http://www.arnoldivaltaleggio.it/\0345 47068\\BG\
Caseificio Fratelli Pedretti\Cascinello Valerio, 5, 20087 Robecco Sul Naviglio MI\http://www.pedrettisnc.eu/\02 947 0601\\MI\
Azienda Agricola Val del Fich\Via Cornella, 24010 Ponteranica BG\https://www.facebook.com/aziendaagricolavaldelfich/\346 104 5697\\BG\
Mauer Soc. in Accom. Semplice di Fabio Pozzali e C.\Via Brescia, 126, 26013 Crema CR\http://www.granamore.it/\0373 256897\\CR\
Azienda Agricola Casali\Via Castello,17, Monte di Nese BG\http://aziendaagricolacasali.blogspot.it/\339 298 5001\\BG\
Azienda Agricola Fratelli Facchi\Via Sonzini e Moioli, 14, 28047 Oleggio NO\http://aziendaagricolafacchi.it/\0321 992684\188727-facchi.oleggio@pec.coldiretti.it\NO\
Cascina Gabana - Formaggi di capra\Via Casirate, SNC, 20062 Cascine San Pietro MI\https://www.cascinagabana.it/\338 115 9412\info@cascinagabana.it\MI\
La Bottega della Mozzarella\Via S. Giovanna D'Arco, 111, 20099 Sesto San Giovanni MI\\333 819 7185\\MI\
Caseificio La Murgia Srl\Via Silvio Pellico, 7, 20099 Sesto San Giovanni MI\http://www.caseificiolamurgia.it/dove_siamo.php\02 2247 3707\info@caseificiolamurgia.it\MI\
Azienda Agricola C Morone\Via Sottocamorone, 13, 24012 Val Brembilla BG\http://www.agricolacamorone.it/\347 018 6470\\BG\
Azienda agricola Cascina Tilde\Str. per la Madonna d'Erbia, 24020 Casnigo BG\\345 837 2103\\BG\
Caseificio Scoca Di Scoca Michele\16 v. Varalli, Codogno, Lo 26845\\340 223 0854\\26845\
Caseificio Casanova\Strada Comunale Boceto Inferiore, 191, 29010 Besenzone PC\\0523 830203\\PC\
Caseificio Sociale La Motta Societ Agricola Cooperativa\Via Marchionale, 9, 46040 Motta MN\\0376 650136\\MN\
Latteria Sociale Cooperativa Frescarolese(S.R.L.)\Strada Comunale di Frescarolo, 73, 43011 Busseto PR\\0524 97609\\PR\
Locanda Degli Artisti\Via XXV Aprile, 131, 26030 Cappella de' Picenardi CR\http://www.locandadegliartisti.it/\0372 835576\info@locandadegliartisti.it\CR\
Caseificio Sociale Zibello\Via Del Cappelletto, Polesine Parmense, PR 43010\\0524 99614\\43010\
San Vitale di Pellegrini Gerolamo & C. Sas\Via Maccagnere, 10, 25020 Seniga BS\http://www.caseificiosanvitale.it/\030 995 5125\info@caseificiosanvitale.it\BS\
Pratichiera Azienda Agricola e Caseificio\Via Provinciale per Busseto, 56A, 43010 Fontevivo PR\http://www.pratichiera.com/\0521 618116\info@pratichiera.com\PR\
Caseificio Caprice S.R.L.\Via Alcide de Gasperi, 39, 27057 Varzi PV\http://www.caseificiocaprice.it/\0383 52794\caseificiocapricesrl@tiscali.it\PV\
Caseificio Sociale Coduro\Via Coduro, 9, 43036 Fidenza PR\https://caseificiocoduro3232.it/\333 441 3971\\PR\
Latteria Agricola Venera Vecchia Soc. Agr. Coop.\Via Bondeno di Roncore, 36, 46023 Gonzaga MN\https://www.veneravecchia.com/\370 158 9119\info@veneravecchia.com\MN\
Caseificio Rozzi Giuseppe Sas\Strada Albareto, 146, 43012 Fontanellato PR\https://www.parmigianoreggiano.it/caseifici/caseificio-rozzi-giuseppe.aspx\0521 821227\apr@parmigianoreggiano.it\PR\
Caseificio Casearia Castelli\43056 San Polo I PR\\\\PR\
CASEIFICIO F.LLI CAVANNA S.R.L.\Via Verdi, 7, 27055 Rivanazzano Terme PV\http://www.caseificiocavanna.it/\0383 91406\\PV\
Mozzart Caseificio e caff\Via Fabio Filzi, 16, 26027 Rivolta d'Adda CR\\0363 708259\\CR\
Caseificio Salaris Snc di Salaris R.M.\Via Monviso, 42, 20861 Brugherio MB\http://www.caseificiosalaris.it/\039 870754\\MB\
Caseificio Latini srl\Via Brescia, 51, 24064 Grumello del Monte BG\https://www.latiniformaggi.it/\035 830458\latini@latiniformaggi.it\BG\
Societ agricola Mi-Fo di Gualina Federica & C. S.S.\Via Sergnano, 7, 26010 Capralba CR\\0373 450668\\CR\
Caseificio La Contadina Di Naclerio Angelo\Via Cesare Cant, 05, 22063 Cant CO\\031 709963\\CO\
Latticini Di Gregorio Caseificio Di Di Gregorio Vi\Via Alessandro Volta, 134, 21047 Saronno VA\\02 962 1140\\VA\
Caseificio Vitagliano - Mozzarella di Bufala\Via Adda, 32, 20900 Monza MB\https://www.facebook.com/labufala.emigrante\039 940 2217\\MB\
caseificio bagnolese sede di Casalromano\46040 Casalromano MN\\\\MN\
Belometti S.R.L.\Via Roma, 186, 24064 Grumello del Monte BG\http://belometti.it/\035 442 0538\info@belometti.it donate@opencart.com\BG\
Compagnia Lattiero Casearia s.r.l.\Via Roccafranca, 16b, 25030 Roccafranca BS\http://www.clcweb.it/\030 709 0203\clc@clcweb.it\BS\
Casearia Castelli\S.da Provinciale ex S.da Statale 596 dei Cairoli, 21, 27020 Carbonara al Ticino PV\https://castelligroup.com/\0382 405152\info@castelli1892.com\PV\
Caseificio Sociale di CARPENEDOLO\Via  Settembre, 235, 25013 Carpenedolo BS\\\\BS\
Caseificio Paleni di Casazza (BG) - Produzione e vendita formaggi tipici prodotti con latte di zona montana di alta qualit\Via S. Lorenzo in Cavellas, 2, 24060 Casazza BG\http://www.caseificiopaleni.it/\035 813033\info@caseificiopaleni.com\BG\
Ferrari Giovanni Industria Casearia Spa\SP107, 26816 Ossago Lodigiano LO\https://www.ferrariformaggi.it/\0371 2851\\LO\
Ghidetti s.r.l.\Piazza Martiri Della Liberta, 11, 26011 Casalbuttano ed Uniti CR\\0374 361800\\CR\
Francesco Caseificio Il Trionfo\Strada Provinciale Per Parma, 3, 43017 San Secondo Parmense PR\https://www.parmigianoreggiano.com/it/caseifici/il-trionfo/\0521 873614\fattoriasanrocco@gmail.com sanpietrospinzola@gmail.com tour@rossifratelli.net eventi@bertinelli.it turismo@caseificio4madonne.it caseificiosocialecoduro3232@gmail.com logistica@montecoppe.it info@cplparma.it lelli.federica@gmail.com nigronicaseificio@gmail.com info@consorziovaccherosse.it sedeconcordia@lacappelletta.it info@latterialacollina.com info@caseificioallegro.it lattbagnolo@libero.it info@dallaglio-farm.com info@valserena.com info@aziendacaretti.it poderelivello@yahoo.it latteriasocialelagricola@gmail.com pieveroffeno@libero.it info@parmigianoreggianosangiorgio.it. mantova@zanetti-spa.it azienda.lavacchielli@gmail.com santamariacaseificio@libero.it info@spadarotta.it caseificioaraldi@gmail.com aziendabenedetti@gmail.com latteriaagricolaquistello@virgilio.it caseificiobasilicanova2446@gmail.com cronovilla@libero.it bardi.caseificio@libero.it latteriadicampogalliano@gmail.com info@lavillabio.it azlavittoria@gmail.com caseificiobandinisnc@libero.it an63.roma@gmail.com info@coopsanbartolomeo.com info@zarpellon.it info@caseificio-m300.it latteria.sanpietro@virgilio.it info@caseificioboselli.it info@bertozzi1889.it info@caseariadotti.com agriverderi@gmail.com caseificiodiurzano@parmapec.com latteriasocsgiovanni@alice.it info@bonispa.eu info@caseificiosangiorgio.it sanmartinovendite@libero.it caseificiodicasola@gmail.com info@agricolairis.it lamaesta@parmapec.com info@latteriasocialenuova.it info@257.it info@caseificiosanpietrovalparma.it info@collinedicanossa.it amministrazione@caseificiorazionalenovese.com ordini@montanari-gruzza.it info@rossifratelli.net info@latterialagrande.it latteriasocialefabiola@parmapec.com studioimagine.eu@gmail.com info@agricolaguareschi.it info@ciaolatte.it info@parmigiano-quara.it lorenagir2001@yahoo.it santostefanolatteria@gmail.com fllimanfredinisnc@virgilio.it caseificiorastelli@yahoo.it binacchi.fabio@libero.it azagbertinelli@libero.it caseificioborgotaro1@yahoo.it info@latterianuovamandrio.it agricola_codeluppi@libero.it info@caseificiolanfredini.it info@caseificiosanbartolomeo.com amministrazione@coopcastelnovese.it INFO@CASEIFICIO-SORAGNA.IT lucchettiraggiovanni@oui.it segreteria@caseificiomontauro.it info@sanpierdamiani.com puntovenditagonfo@gmail.com industriacaseariapievepelago@msw.it info@caseificiosansalvatore.it caseificio@latteriabegozzo.it caseificiosanlorenzo@libero.it latteriarocchetta@gmail.com caseificio.gavasseto@gmail.com latteriarubbianino@gmail.com ordini@bioreggiani.com bassaparmense@libero.it aziendabarba@gmail.com rmorbarigazzi@libero.it caseificiopontebratica@parmap.it info@biosantanna.com coop.cas.casello@gmail.com coop.savonierosusano@libero.it info@bonat.it latteria.garfagnolo@gmail.com poggiocastro@msw.it latteriasocialedivezzano@parmapec.com info@borgodelgazzano.it info@latteriavillacurta.it riosanmichele@msw.it commerciale@parmigianoreggianocastellazzo.it info@saviola.it info@caseificiogennari.it INFO@CASEIFICIOSANSIMONE.COM info@latteriafontana.it latteria.puianello@ferrariniagricola.com info@parmigianoreggianosangiorgio.it info@villaaiola.it info@candiabio.it info@latterialacampola.it aziendamoscattini@gmail.com info@anticalatteriaducale.it info@agriturismolabroncarda.it info@latteriamoderna.it info@fattoriamarchesini.it colla@collaspa.it info@gavassetoeroncadella.it persegonanegozio77@tiscali.it INFO@LACAPPELLETTA.IT lagorazza@gmail.com shop@bioreggiani.com info@latteriatullia.it eventi@fienilnuovo1644.it giarolielloefigli@libero.it latteriavalle@gmail.com azienda.agraria@istas.mo.it info@pratichiera.com info@caseificiobeatomarco.it info@egalli.com AMMINISTRAZIONE@2064.IT spaccio@993.it info@aziendabrugnoli.it info@latteriabismantova.it caseificio.poggioli@gmail.com info@montecoppe.it commerciale@zoocaseariamezzadri.it info@margisrl.com qualita@caseificio4madonne.it AZ.BERTACCHINI@GMAIL.COM latteriasocialevalbardea@parmapec.com ferrarinibonetti@libero.it info@caseificiofiordilatte.it cas.iltrionfo@alice.it rbocchi@uplas.it caseificiosanbernardino@gmail.com valeriopincella@alice.it latteriaghiardo@gmail.com INFO@CASEIFICIOLAMADONNINA.IT latteria.marzette@gmail.com info@paverazzi.com monica.pederzoli@fienilnuovo1644.it favaparma@gmail.com claudiocensi66@gmail.com info@caseificiobazzanese.com liviocastagnetti@aliceposta.it schivazappavittorio@gmail.com LATT.MEDESANESE@LIBERO.IT eventi@bertinelli.it.2f caseificio.vicini@fastwebnet.it info@caseificiodelparco.it info@latteriaduemadonne.com info@fattoriascalabrini.it caseificiocastellazzi@email.it info@latteriavogrande.it caseificiosantaluciasestola@gmail.com caseificiocansaldi@libero.it info@caseificiorazionalenovese.it ilbattisterocaseificio@gmail.com info@veneravecchia.com caseificioiddiano@gmail.com info@caseificiocarnola.it latteriavaldenza@gmail.com azienda.cacciali@gmail.com info@caseificioneviano.it info@saliceto.com caseificiobeduzzo21@gmail.com info@cabocchi.it info@puntolatte.com gnappisis@libero.it latteria78@gmail.com PARMA@GIANSANTIDIMUZIO.IT caseificio.villafogliano@gmail.com latteriacagnola@libero.it caseificiofrizza@gmail.com info@caseificiodimarola.com infoguare@gmail.com agricolaquattrocastella@gmail.com agripessina@gmail.com latteriasangirolamo@gmail.com info@caseificiobutteri.it latteriasocialegonfo@gmail.com fochigiampi@virgilio.it latteria.lora1941@gmail.com gio.conversi@gmail.com baranicaseificio@gmail.com latteriasocialesanlucio@gmail.com angelo.truzzi@royal-aware.com info@ferrariformaggi.it eventi@bertinelli.it. ugolottitours@gmail.com info@fornacione.it amministrazioneboiardo@gmail.com agricolasocagr@gmail.com amministrazione@boscovescovado.it info@caseificiominozzo.it caseificio.direzione@albalat.it segreteria@bilat.it info@caseificiorosola.it caseificiolame@msw.it info@caseificiobucamante.it coopcaseariadelfrignano@msw.it latteria.mogliese@gmail.com caseificiougolotti@gmail.com info@latteriasangiovanni.com latteriasocialedicassio@parmapec.com info@latterialafamigliare.it altavalstirone@parmapec.com info@latteriasocialemolinazza.it info@caseificiocarini.it info@malandrone1477.com info@latteriacostadibazzano.it aziendalena@virgilio.it caseificiosangiovannibattista@parmapec.com larinascitasac@gmail.com damiano.delfante@libero.it caseificiocroce@virgilio.it andrea-gola@hotmail.it parma@giansantidimuzio.it caseificiosansilvestro@gmail.it info@caseariacorradi.com latteriadipalasone@gmail.com naturaagricola@tiscali.it info@maghenzani.net caseificiotretorrisac@gmail.it produzione@caseificiodismano.com\PR\
Caseificio Sociale di Soragna\Strada Provinciale di Diolo, 118, 43019 Soragna PR\http://www.caseificio-soragna.it/\0524 599073\\PR\
Latteria Sociale 'La Moderna'\Strada Comunale di Frescarolo, 3, 43011 Busseto PR\\0524 97371\\PR\
Caseificio Spinelli F.lli srl\Cascina Caseificio Spinelli, 8, 25024 Leno BS\http://www.caseificiospinelli.it/\030 906320\\BS\
Caseificio Aziendale Festa Eugenio\Via Monticelli, 4, 25032 Chiari BS\\030 700 9832\\BS\
Latteria di Montello\Via della Resistenza, 37, 20090 Buccinasco MI\\02 488 3239\\MI\
Caseificio & Salumificio Mainini\Via Galileo Galilei, 14, 46019 Viadana MN\http://www.caseificiomainini.it/\0375 82439\\MN\
Latteria Tullia s.c.a.\Via Tullie, 10, 42047 Rolo RE\http://www.latteriatullia.it/\0522 666190\info@latteriatullia.it info@venditaparmigiano.it\RE\
Caseificio S. Carlo (S.R.L.)\Viale Caduti del Lavoro, 28, 25030 Coccaglio BS\\030 723492\\BS\
Caseificio Sociale Cooperativo Carzetano Societa' Agricola Cooperativa\Frazione Carzeto, 41, 43019 Soragna PR\\0524 599005\\PR\
Ambrosi S.p.A.\Via Ottorino Ambrosi, 1, 25014 Castenedolo BS\http://www.ambrosi.it/\030 213 4811\\BS\
Latteria Padana Di Borgoforte Societa' Agricola Cooperativa\Str. Ponteventuno, 32, 46034 Romanore MN\\0376 646441\\MN\
Azienda e Uffici  Caseificio Angelo Croce\SP234, km40, 26841 Casalpusterlengo LO\https://www.caseificioangelocroce.it/\0377 84236\commerciale@caseificioangelocroce.it\LO\
Santoriello Mario\SP122, 51, 24040 Pontirolo Nuovo BG\\0363 330067\\BG\
Azienda Agricola Baietta Enrico\S.da Cascina Rota, 21, 20088 Rosate MI\\338 296 4705\\MI\
Zanetti S.p.A.\Via IV Novembre, 51 con proseguimento, via delle Onede, 2, 25020 San Gervasio Bresciano BS\http://www.zanetti-spa.it/\030 993 4241\\BS\
Caseifici Zani F.lli\Via San Gervasio, 25, 25020 Cigole BS\https://caseificizani.it/\030 995 9169\info@caseificizani.it\BS\
Cooprolama Cooperativa Produttori Latte\Viale Brescia, 126, 25080 Mazzano BS\http://www.cooprolama.it/\030 262 0280\\BS\
Caseificio Villa Srl\Via Iseo, 52, 25030 Villa Pedergnano BS\https://caseificiovilla.key5.com/\030 772 2090\\BS\
Foresti Spa\Via Brescia, 7, 25023 Gottolengo BS\https://www.caseificioforesti.it/\030 951 7241\\BS\
Antico Caseificio Controne\Via Pola, 16, 20843 Verano Brianza MB\http://anticocaseificiocontrone.it/\388 775 3378\info@anticocaseificiocontrone.it\MB\
Agricola San Giorgio Sas - Produzione Grana Padano\Via S. Giorgio, 20, 24050 Cividate Al Piano BG\\0363 97127\\BG\
Tazzi Angelo E C. (S.N.C.)\Via Annunciata Scaini, 5, 26017 Trescore Cremasco CR\https://www.tazzi.it/\0373 273021\\CR\
Spaccio Agricolo Carioni\Via Desgioi, 5, 26017 Trescore Cremasco CR\https://carioni1920.com/\335 784 8596\ecom-swiper@11.0.5.js ecom-swiper@11.css\CR\
Az.Agr.Aldo Casarotti\Via Don Francesco Donati, 18, 24040 Casirate d'Adda BG\http://aldocasarotti.it/\348 474 3297\\BG\
Vacchini Paolo E Stefano S.r.l.\Via Brallo, 5, 27010 Siziano PV\\0382 617299\\PV\
Emilio Mauri (SP A.)\Via Bergamo, 129, 24047 Treviglio BG\\0363 303494\\BG\
AZ. AGRICOLA CATTANEO SIMONE\20065 Inzago MI\\02 9573 9602\\MI\
Bamonte INDUSTRIA CASEARIA\20064 Gorgonzola MI\\\\MI\
Padania Alimenti Srl\Via Enrico Fermi, 79, 26041 Casalmaggiore CR\https://www.padania.it/\0375 28431\\CR\
Caseificio Sociale Bassa Parmense\Str. di Chiozzola in Bogolese, 33Bis, 43058 Sorbolo PR\http://www.caseificiobassaparmense.it/\0521 690528\bootstrap-icons@1.9.1 info@caseificiobassaparmense.it\PR\
Mazzoleni Lucio Srl\Via Nazionale, 147, 23821 Abbadia Lariana LC\http://www.mazzoleniformaggi.it/\0341 731147\\LC\
Arrigoni Battista Societa' Agricola S.R.L.\Via Bosco, Brignano Gera D'adda, BG 24053\\\\24053\
Formaggi D'Italia\Via Pietro Paleocapa, 7, 20121 Milano MI\\02 854 6861\\MI\
Caseificio consoli km0\Via Campanella, 65, 25038 Campanella BS\http://www.caseificioconsoli.it/\339 482 4018\agricolaconsoli@libero.it\BS\
Tentazioni Del Latte\Via Leone Tolstoi, 53, 20146 Milano MI\http://www.tentazionidellatte.com/\02 8454 4964\yalta57@libero.it\MI\
Az. Agricola Cascina San Pietro di Antonioli Simone\Via S. Pietro, 25032 Chiari BS\\030 713615\\BS\
Lactalis\Via Fratelli Cervi, 7, 27010 Guinzano PV\\\\PV\
Centro della Mozzarella di Via Lomellina\Via Lomellina, 56, 20133 Milano MI\http://www.centrodellamozzarella.it/\02 7395 3843\info@centrodellamozzarella.it\MI\
Spaccio azienda agricola consoli\Rovato, Via Campanella 65 Rot, 25038 Lodetto BS\\\\BS\
Centro della Mozzarella Via Plinio\Via Plinio, 9, 20129 Milano MI\http://www.centrodellamozzarella.it/\02 8456 1423\info@centrodellamozzarella.it\MI\
Spaccio Bolide di Eredi Bonetta Snc di Cristina Bonetta & C. di Alfianello -Bs\Via Mazzini, 264266, 25020 Alfianello BS\https://www.caseificiobolide.it/\030 993 6219\amministrazione@eredibonetta.com\BS\
V.B.C. Srl\Via Marche, 10, 20072 Fizzonasco MI\\347 263 4728\\MI\
Profumo di Latte\Via Persico 26, 6998 Monteggio, Svizzera\https://www.profumodilatte.com/\\\Svizzera\
Caseificio Pironda\Via Giacomo Matteotti, 8, 46020 Torricella MN\http://www.pironda.it/\0376 590140\\MN\
La fonte del latte\Via Fornaci, 25, 21050 Besano VA\https://www.facebook.com/profile.php?id=61550937968394\389 293 0144\\VA\
Aristeo\Via Statale, 57, 21030 Marchirolo VA\https://www.aristeosrl.it/\0332 154 2176\\VA\
Caseificio Tosi S.R.L.\Via Maggiate, 6, 28013 Gattico-Veruno NO\https://caseificiotosi.it/\0322 838425\mayfair@tosigorgonzola.com\NO\
CANDIABIO Societ Agricola Semplice - Produzione e vendita di Parmigiano Reggiano biologico\Via Vittoria Nenni, 8, 43056 Sant'Andrea PR\http://www.candiabio.it/\349 162 3815\candiabio@cgn.legalmail.it info@candiabio.it\PR\
Caseificio san donato\Strada Pilone, 21, 46014 Castellucchio MN\\0376 438121\\MN\
Caseificio Allegro\Via Fontanese, 34, 42024 Castelnovo di Sotto RE\https://caseificioallegro.it/\0522 960537\info@caseificioallegro.it\RE\
Caseificio Sommese\Via Roma, 21019 Somma Lombardo VA\https://caseificiosommese.it/\0331 252882\\VA\
Societa Agricola Galli Eugenio S.R.L\2 Via Del Corno, Pieveottoville, PR 43010\\0524 95280\\43010\
Latteria San Girolamo\Via Peroggio, 81, 42016 Guastalla RE\https://www.latteriasocialesangirolamo.it/\0522 820173\\RE\
Caseificio di Ferrarini Silvestro & C. Snc\Via Solari, 77, 43022 Tortiano PR\https://www.ferrariniebonetti.com/\0521 686455\react-dom@18.3.1 focus-within-polyfill@5.0.9 core-js-bundle@3.2.1 605a7baede844d278b89dc95ae0a9123@sentry-next.wixpress.com react@18.3.1 lodash@4.17.21 8c4075d5481d476e945486754f783364@sentry.io ferrarinibonetti@libero.it\PR\
Caseificio Sociale Baselicaduce\Via Casa Termine, 70B Frazione Baselicaduce, 29017 Fiorenzuola d'Arda PC\http://www.baselicaduce.it/\0523 940138\\PC\
Latteria Sociale San Bartolomeo S.C.R.L.\Via Parma, 208, 42028 Poviglio RE\\0522 680501\\RE\
Gennaro Auricchio ingresso merci\Via Solferino, 2, 26035 Pieve San Giacomo CR\\\\CR\
Caseificio San Bernardino di Caramaschi Mario e c. S.N.C.\Via Stanislao Solari, 119, 43022 Tortiano PR\http://www.caseificiosanbernardino.it/\0521 686469\caseificiosanbernardino@gmail.com\PR\
Nuvola Di Latte\Via Citt Sant'Angelo, 11, 00132 Roma RM\\347 215 9589\\RM\
Quaini Giuseppe Castelverde Holstein\Via Livrasco, 3, 26022 Castelverde CR\\0372 427108\\CR\
Caseificio Granaraccio\Via Polense, 473, 00132 Roma RM\\327 937 1232\\RM\
Cremona Frutta di Bonfatti Sabbioni Luigi & C. s.n.c\Via E. Fermi, 1, 26022 Castelverde CR\\0372 747932\\CR\
Caseificio Ca' Vecchino\Via della Chiesa, 825, 41054 Ospitaletto MO\http://www.coopcastelnovese.it/\059 794402\spaccio@coopcastelnovese.it\MO\
Coop Casearia Castelnovese\Via Cavidole, 6, 41051 Castelnuovo Rangone MO\http://www.coopcastelnovese.com/\059 535364\\MO\
Pini Italia s.r.l.\SS Bergamasca 498, 98100, 26022 Castelverde CR\\350 947 1315\\CR\
Caseificio Razionale Novese S.C.A.\Via Provinciale Mantova, 73, 41016 Novi di Modena MO\http://www.caseificiorazionalenovese.it/\059 670094\shop@caseificiorazionalenovese.it info@caseificiorazionalenovese.it\MO\
Caseificio Brundu Di Gianmarco Brundu\Via Polense, 471, 00132 Roma RM\\327 520 4852\\RM\
Caseificio Carini Srl\Via Varano, 54B, 43015 Cella PR\https://www.caseificiocarini.com/\0521 629409\\PR\
Bresciacciai S.R.L. Con Unico Socio\\http://www.bsacciai.it/\0372 672010\\\
Latteria Soresina Soc. Coop. Agricola\Via Caseificio, 1, 26042 Cingia de' Botti CR\\0375 96204\\CR\
Garatti Palmiro (latte)\Via 4 Novembre, 1, 26040 Cella Dati CR\\0372 67997\\CR\
Quirighetti Farm\Via per Re, 26, 28854 Malesco VB\\\\VB\
Caseificio Ugolotti\Via Marco Emilio Lepido, 72, 43122 Parma PR\https://caseificiougolotti.com/?utm_source=GBP+&utm_medium=info&utm_campaign=site\0521 486769\caseificiougolotti@gmail.com\PR\
Az agr Latte di Campagna\Str. Farnese, 1, 43010 Fontevivo PR\http://lattedicampagna.com/\331 509 0463\lattedoldi@libero.it\PR\
Caseificio di Rita\Via Sottopenz 7, 6830 Chiasso, Svizzera\https://www.instagram.com/il.caseificio.di.rita?igsh=OGQ5ZDc2ODk2ZA%3D%3D&utm_source=qr\41 79 785 73 55\\Svizzera\
Caseificio Vicini Snc\Str. Brozzoli, 12, 43014 Medesano PR\\0525 421363\\PR\
Colla Spa\Localita' Barabasca, Fiorenzuola D'arda, PC 29017\https://collaspa.it/\0523 983830\\29017\
Libera & Laudi S.n.c. di Laudi Mauro & C.\Via Varese, 1842, 21027 Ispra VA\http://www.liberaelaudi.com/\0332 780384\\VA\
Caseificio Germani S.r.l.\Via delle Vigne, 22, 22020 Faloppio CO\http://www.germaniformaggi.com/\031 986385\info@germaniformaggi.com\CO\
Aimi Formaggi S.R.L.\Via Martiri Duchi e Molinari, 56, 29010 Castelvetro Piacentino PC\\0523 823030\\PC\
Caseificio Basilicanova\Via Argini Sud, 27, 43022 Montechiarugolo PR\\366 310 2333\\PR\
Martinelli Romeo E C. (S.N.C.)\Via Giovanni Don Minzoni, 39, 43015 Noceto PR\https://www.parmigianoreggiano.com/it/caseifici/martinelli-romeo-c/\0521 625232\fattoriasanrocco@gmail.com sanpietrospinzola@gmail.com tour@rossifratelli.net eventi@bertinelli.it turismo@caseificio4madonne.it caseificiosocialecoduro3232@gmail.com logistica@montecoppe.it info@cplparma.it lelli.federica@gmail.com nigronicaseificio@gmail.com info@consorziovaccherosse.it sedeconcordia@lacappelletta.it info@latterialacollina.com info@caseificioallegro.it lattbagnolo@libero.it info@dallaglio-farm.com info@valserena.com info@aziendacaretti.it poderelivello@yahoo.it latteriasocialelagricola@gmail.com pieveroffeno@libero.it info@parmigianoreggianosangiorgio.it. mantova@zanetti-spa.it azienda.lavacchielli@gmail.com santamariacaseificio@libero.it info@spadarotta.it caseificioaraldi@gmail.com aziendabenedetti@gmail.com latteriaagricolaquistello@virgilio.it caseificiobasilicanova2446@gmail.com cronovilla@libero.it bardi.caseificio@libero.it latteriadicampogalliano@gmail.com info@lavillabio.it azlavittoria@gmail.com caseificiobandinisnc@libero.it an63.roma@gmail.com info@coopsanbartolomeo.com info@zarpellon.it info@caseificio-m300.it latteria.sanpietro@virgilio.it info@caseificioboselli.it info@bertozzi1889.it info@caseariadotti.com agriverderi@gmail.com caseificiodiurzano@parmapec.com latteriasocsgiovanni@alice.it info@bonispa.eu info@caseificiosangiorgio.it sanmartinovendite@libero.it caseificiodicasola@gmail.com info@agricolairis.it lamaesta@parmapec.com info@latteriasocialenuova.it info@257.it info@caseificiosanpietrovalparma.it info@collinedicanossa.it amministrazione@caseificiorazionalenovese.com ordini@montanari-gruzza.it info@rossifratelli.net info@latterialagrande.it latteriasocialefabiola@parmapec.com studioimagine.eu@gmail.com info@agricolaguareschi.it info@ciaolatte.it info@parmigiano-quara.it lorenagir2001@yahoo.it santostefanolatteria@gmail.com fllimanfredinisnc@virgilio.it caseificiorastelli@yahoo.it binacchi.fabio@libero.it azagbertinelli@libero.it caseificioborgotaro1@yahoo.it info@latterianuovamandrio.it agricola_codeluppi@libero.it info@caseificiolanfredini.it info@caseificiosanbartolomeo.com amministrazione@coopcastelnovese.it INFO@CASEIFICIO-SORAGNA.IT lucchettiraggiovanni@oui.it segreteria@caseificiomontauro.it info@sanpierdamiani.com puntovenditagonfo@gmail.com industriacaseariapievepelago@msw.it info@caseificiosansalvatore.it caseificio@latteriabegozzo.it caseificiosanlorenzo@libero.it latteriarocchetta@gmail.com caseificio.gavasseto@gmail.com latteriarubbianino@gmail.com ordini@bioreggiani.com bassaparmense@libero.it aziendabarba@gmail.com rmorbarigazzi@libero.it caseificiopontebratica@parmap.it info@biosantanna.com coop.cas.casello@gmail.com coop.savonierosusano@libero.it info@bonat.it latteria.garfagnolo@gmail.com poggiocastro@msw.it latteriasocialedivezzano@parmapec.com info@borgodelgazzano.it info@latteriavillacurta.it riosanmichele@msw.it commerciale@parmigianoreggianocastellazzo.it info@saviola.it info@caseificiogennari.it INFO@CASEIFICIOSANSIMONE.COM info@latteriafontana.it latteria.puianello@ferrariniagricola.com info@parmigianoreggianosangiorgio.it info@villaaiola.it info@candiabio.it info@latterialacampola.it aziendamoscattini@gmail.com info@anticalatteriaducale.it info@agriturismolabroncarda.it info@latteriamoderna.it info@fattoriamarchesini.it colla@collaspa.it info@gavassetoeroncadella.it persegonanegozio77@tiscali.it INFO@LACAPPELLETTA.IT lagorazza@gmail.com shop@bioreggiani.com info@latteriatullia.it eventi@fienilnuovo1644.it giarolielloefigli@libero.it latteriavalle@gmail.com azienda.agraria@istas.mo.it info@pratichiera.com info@caseificiobeatomarco.it info@egalli.com AMMINISTRAZIONE@2064.IT spaccio@993.it info@aziendabrugnoli.it info@latteriabismantova.it caseificio.poggioli@gmail.com info@montecoppe.it commerciale@zoocaseariamezzadri.it info@margisrl.com qualita@caseificio4madonne.it AZ.BERTACCHINI@GMAIL.COM latteriasocialevalbardea@parmapec.com ferrarinibonetti@libero.it info@caseificiofiordilatte.it rbocchi@uplas.it cas.iltrionfo@alice.it caseificiosanbernardino@gmail.com valeriopincella@alice.it latteriaghiardo@gmail.com INFO@CASEIFICIOLAMADONNINA.IT latteria.marzette@gmail.com info@paverazzi.com monica.pederzoli@fienilnuovo1644.it favaparma@gmail.com claudiocensi66@gmail.com info@caseificiobazzanese.com liviocastagnetti@aliceposta.it schivazappavittorio@gmail.com LATT.MEDESANESE@LIBERO.IT eventi@bertinelli.it.2f caseificio.vicini@fastwebnet.it info@caseificiodelparco.it info@latteriaduemadonne.com info@fattoriascalabrini.it caseificiocastellazzi@email.it info@latteriavogrande.it caseificiosantaluciasestola@gmail.com caseificiocansaldi@libero.it info@caseificiorazionalenovese.it ilbattisterocaseificio@gmail.com info@veneravecchia.com caseificioiddiano@gmail.com info@caseificiocarnola.it latteriavaldenza@gmail.com azienda.cacciali@gmail.com info@caseificioneviano.it info@saliceto.com caseificiobeduzzo21@gmail.com info@cabocchi.it info@puntolatte.com gnappisis@libero.it latteria78@gmail.com PARMA@GIANSANTIDIMUZIO.IT caseificio.villafogliano@gmail.com latteriacagnola@libero.it caseificiofrizza@gmail.com info@caseificiodimarola.com infoguare@gmail.com agricolaquattrocastella@gmail.com agripessina@gmail.com latteriasangirolamo@gmail.com info@caseificiobutteri.it latteriasocialegonfo@gmail.com fochigiampi@virgilio.it latteria.lora1941@gmail.com gio.conversi@gmail.com baranicaseificio@gmail.com latteriasocialesanlucio@gmail.com angelo.truzzi@royal-aware.com info@ferrariformaggi.it eventi@bertinelli.it. ugolottitours@gmail.com info@fornacione.it amministrazioneboiardo@gmail.com agricolasocagr@gmail.com amministrazione@boscovescovado.it info@caseificiominozzo.it caseificio.direzione@albalat.it segreteria@bilat.it info@caseificiorosola.it caseificiolame@msw.it info@caseificiobucamante.it coopcaseariadelfrignano@msw.it latteria.mogliese@gmail.com caseificiougolotti@gmail.com info@latteriasangiovanni.com latteriasocialedicassio@parmapec.com info@latterialafamigliare.it altavalstirone@parmapec.com info@latteriasocialemolinazza.it info@caseificiocarini.it info@malandrone1477.com info@latteriacostadibazzano.it aziendalena@virgilio.it caseificiosangiovannibattista@parmapec.com larinascitasac@gmail.com damiano.delfante@libero.it caseificiocroce@virgilio.it andrea-gola@hotmail.it parma@giansantidimuzio.it caseificiosansilvestro@gmail.it info@caseariacorradi.com latteriadipalasone@gmail.com naturaagricola@tiscali.it info@maghenzani.net caseificiotretorrisac@gmail.it produzione@caseificiodismano.com\PR\
Galli S.r.l.\Via Bottazza, 6 Pieveottoville di, 43016 Pieveottoville PR\http://www.galli.it/\0524 95412\\PR\
Fattoria I Gratr - Formaggi di Capra\Via Schizzola, 68, 27050 Torrazza Coste PV\https://www.fattoriaigrater.it/\0383 364212\fattoria@fattoriagrater.it\PV\
Mozzami Truck Cheese\\https://www.mozzami.it/?utm_source=google&utm_medium=wix_google_business_profile&utm_campaign=8623203909469687741\351 928 0423\dd0a55ccb8124b9c9d938e3acf41f8aa@sentry.wixpress.com focus-within-polyfill@5.0.9 ed436f5053144538958ad06a5005e99a@sentry.wixpress.com core-js-bundle@3.2.1 mozzami@hotmail.com lodash@4.17.21 8eb368c655b84e029ed79ad7a5c1718e@sentry.wixpress.com 8c4075d5481d476e945486754f783364@sentry.io 605a7baede844d278b89dc95ae0a9123@sentry-next.wixpress.com baf30a2b91654c5a840931f0137bed30@sentry.wixpress.com c183baa23371454f99f417f6616b724d@sentry.wixpress.com 0c52cb89aa4d4154857a1584b6701db6@sentry.wixpress.com 271e9fa3230b4eec94b02bf95780f5f2@sentry.wixpress.com 0e6a29e4756740a8a63493e912ba2174@sentry.wixpress.com email@example.com 6117f2172a744ef3913942830d472a2c@sentry.wixpress.com react@18.3.1 88170cb0c9d64f94b5821ca7fd2d55a4@sentry-next.wixpress.com 78f7996315bc402f9dcb8a2f974b82d1@sentry.wixpress.com 2062d0a4929b45348643784b5cb39c36@sentry.wixpress.com react-dom@18.3.1 e0b4d631da7b4200828051f7f9c783e3@sentry-next.wixpress.com c5095236fd2e4b8fae9ed6d73cdd81a3@sentry.wixpress.com 460ff4620fa44cba8df530afde949785@sentry.wixpress.com 79baaa8e09c746d2b7401643b99792e0@sentry.wixpress.com\\
Cenci S.r.l.\Via del Progresso, 7, 29010 Monticelli d'Ongina PC\http://www.cenciariacompressa.it/\0523 820845\michele.luvie@cenciariacompressa.it luca.anelli@cenciariacompressa.it INFO@CENCIARIACOMPRESSA.IT commerciale@cenciariacompressa.it info@cenciariacompressa.it michele.maffini@cenciariacompressa.it\PC\Sponsorizzato
Azienda Cacciali Graziano s.r.l.\Via Crocetta, 3, 43016 Polesine Zibello PR\\327 414 0138\\PR\
Fratelli Ziliotti S.R.L.\92 Strada Provinciale 11, PR 43011, 43011, 43011 Busseto PR\http://www.ziliotti.it/\0524 930101\\PR\
Galli Eugenio\6 Via Rigosa Nuova, Pieveottoville, PR 43010\\0524 95217\\43010\
Latteria Agricola Di Marmirolo\Strada Belbrolo, 32, 46045 Marmirolo MN\https://latteriamarmirolo.it/\0376 299407\683331www.comune.goito.mn.itgoitogetup@gmail.comtel manifestazioni@comune.goito.mn.ittel ionicons@4.1.2\MN\
Caseificio Consorzio Produttori Latte soc agr coop - CPL\Str. Puppiola, 15, 43122 Parma PR\http://www.cplparma.it/\0521 601313\\PR\
La Nuova Speranza\Unnamed Road, 43012, Fontanellato PR\\0521 821982\\PR\
Caseificio Sociale Cooperativo Salso Parola\Frazione Parola, 108, 43012 Parola PR\\0524 81590\\PR\
Caseificio Soc. Coop. Gruppo Tirelli\Via Pelosa, 18, 42016 San Rocco RE\https://www.fondopossioncella.com/\0522 831136\possioncellashop@gmail.com\RE\
Caseificio La Madonnina\Scipione Ponte, 19, 43039 Scipione Ponte PR\https://caseificiolamadonnina.it/\0524 570905\\PR\
Corte De' Cortesi Con Cignone\\\\\\
Corte De' Frati\\\\\\
Caseificio Rastelli\Via Vittorio Veneto, 1, 43046 Rubbiano PR\https://www.caseificiorastelli.it/\0525 2646\\PR\
Societ Agricola Bertoli\Via Bodrio, 7, 26010 Credera Rubbiano CR\\\\CR\
Le Casere di Credaro I ingrosso formaggi\Via Provinciale, 2, 24060 Castelli Calepio BG\http://www.lecaseredicredaro.com/\035 442 5744\info@lecaseredicredaro.com\BG\
CREDERA-Via Rubbiano 8\26010 Credera CR\\\\CR\
LATTERIA SOCIALE CENTRO DI RUBBIANINO\Via Dante Freddi, 396, 42123 San Bartolomeo RE\\0522 371475\\RE\
CREDERA-Via Rubbiano fr 8\26010 Credera CR\\\\CR\
Caseificio di Gavasseto e Roncadella\Via Carlo Forlanini, 2, 42122 Roncadella RE\https://www.gavassetoeroncadella.it/\0522 340250\\RE\
Azienda Agraria La Fontana Di Marazzi E Cremonesi Soc. Sempl.\Localit La Fontana, 2, 26010 Cremosano CR\\0373 274279\\CR\
Caseificio Fiordilatte\Via Mac Mahon, 12, 20155 Milano MI\https://www.fiordilattemilano.it/\02 2316 5561\info@fiordilattemilano.it\MI\
Caseificio Il Laboratorio della Mozzarella\Via Pavese, 30, 20058 Moirago MI\\338 851 2975\\MI\
Magazzini Generali di Crema - Pozzali Lodigrana Srl\Via Alcide De Gasperi, 2, 26017 Trescore Cremasco CR\http://www.bellalodi.it/\0373 273621\\CR\
Soc.Agr. Vezzoli Roberto e Vincenzo s.s.\13, Via Bosco Levato, 25032 Chiari BS\https://www.facebook.com/vezzolirobertoevincenzo\333 215 3735\\BS\
Bresciangrana Srl\Strada per Verolanuova, 6, 25020 Cignano di, Offlaga BS\http://www.bresciangrana.it/\030 979480\commerciale@bresciangrana.it\BS\
Centro della Mozzarella - Caseificio artigianale - Cheese shop\Via Benaco, 1, 20139 Milano MI\http://www.centrodellamozzarella.it/\02 5521 9286\info@centrodellamozzarella.it\MI\
Lucania Food S.R.L.\Via Rembrandt, 12, 20148 Milano MI\\02 4875 2253\\MI\
Societ Agricola Le Campagnole\Via Milano, 92, 24055 Cologno al Serio BG\http://lecampagnole.co.uk/\347 065 9600\react-dom@18.3.1 focus-within-polyfill@5.0.9 core-js-bundle@3.2.1 605a7baede844d278b89dc95ae0a9123@sentry-next.wixpress.com react@18.3.1 lodash@4.17.21 8c4075d5481d476e945486754f783364@sentry.io\BG\
La Contadina Milano\Corso Sempione, 88, 20154 Milano MI\\02 3310 3620\\MI\
MOZZARELLINO\Viale Milano, 2, 20098 San Giuliano Milanese MI\http://www.mozzarellino.it/\02 0997 8825\\MI\
Caseificio Arioli Achille\Strada, Via Cascina Sega, 11, 20080 Ozzero MI\http://www.arioliachille.com/\02 940 7302\\MI\
Caseificio La Regina Dei Mazzoni\21048 Solbiate Arno VA\\\\VA\
Caseificio Brusati\Via Ludovico Solari, 41, 27020 Trovo PV\http://caseificiobrusati.it/\0382 928113\\PV\
Casa Della Panna Di Pagliaroli Vincenzo E C. Sas\Via P. della Francesca, 26, 20090 Trezzano sul Naviglio MI\\02 4840 9790\\MI\
Boni\Via Provinciale per Golese, 190a, 43056 Torrile PR\http://www.bonispa.eu/\0521 520611\\PR\
Caseificio Sociale Cooperativo Castellazzi\Str. Argine Barcolo, 25, 43010 Roccabianca PR\\0524 597988\\PR\
daunia\20074 Carpiano MI\\351 327 7122\\MI\
Caseary\Via Marchesina, 39, 20090 Trezzano sul Naviglio MI\http://www.caseary.it/\347 446 8032\ordinicaseary@gmail.con infocaseary@gmail.com\MI\
Azienda Agricola Magni\Via Casletto, 1, 22077 Olgiate Comasco CO\http://www.aziendagricolamagni.com/\375 733 9575\8eb368c655b84e029ed79ad7a5c1718e@sentry.wixpress.com react-dom@18.3.1 focus-within-polyfill@5.0.9 aziendagricolamagni@pec.it core-js-bundle@3.2.1 aziendagricolamagni@gmail.com 605a7baede844d278b89dc95ae0a9123@sentry-next.wixpress.com react@18.3.1 lodash@4.17.21 8c4075d5481d476e945486754f783364@sentry.io 79baaa8e09c746d2b7401643b99792e0@sentry.wixpress.com 2062d0a4929b45348643784b5cb39c36@sentry.wixpress.com\CO\
Formaggi e Salumi d'Italia\Via Mercatello, 35, 26100 Cremona CR\https://www.bottegacremonese.it/\0372 23270\\CR\
Azienda Agricola Elleboro di Cangi Samuele\Via Monte Martica, 35, 21100 Varese VA\https://sites.unimi.it/casco/aziende/azienda-agricola-elleboro-di-cangi-samuele/\\Info@agricolaelleboro.it sem.cangi@gmail.com\VA\
Azienda Agricola e Caseificio Verderi\Traversante Passera, 6, 43011 Busseto PR\https://www.agriverderi.it/\338 967 6501\agriverderi@gmail.com\PR\
Azienda Agricola Al-Marnich - Vendita Formaggi Como\Localit Marnico, 8, 22020 Schignano CO\https://www.vendita-formaggi-como.shop/\031 819242\\CO\
Azienda Agricola Castelletto\Via Castelletto, 23, 21023 Castelletto VA\\340 358 1637\\VA\
Caseificio Terre del Giarolo\frazione Ponte del Molino 5, 15054 Fabbrica Curone AL\http://www.caseificioterredelgiarolo.it/\0131 192 6710\\AL\
Caseificio Santa Maria Formigada\Via Mattarella, 2, 46031 Bagnolo San Vito MN\http://lsmgroup.it/\0376 390808\\MN\
Latticini Cernobbio Srl\Via I' Maggio, 11, 22042 Cavallasca CO\http://latticinicernobbio.it/\031 539173\info@latticinicernobbio.it\CO\
Casa del Formaggio\Viale Garibaldi, 25, 21026 Gavirate VA\http://www.casadelformaggio.eu/\0332 743107\\VA\
Mdf Formaggi Di Peletti Silvia\Via XIV Maggio, 2830, 26010 Dovera CR\\0374 870505\\CR\
Francotyp-Postalia Italia - Italiana Audion srl\Via Giuseppe Prina, 15, 20154 Milano MI\https://fp-francotyp.it/\02 8954 6086\\MI\Sponsorizzato
Prodotti Alimentari Lattiero Caseari S.R.L.\Via Braia, 1, 28077 Prato Sesia NO\http://www.caseificiopal.it/\0163 850209\\NO\
Mario Costa - Stabilimento produttivo\Via dell'Industria, 26, 28060 Orfengo, Casalino NO\http://www.mariocosta.it/\0321 877566\\NO\
Vagadore Mauro\Via Colombara, 4, 28010 Vaprio D'agogna NO\\0321 996269\\NO\
Monfroglio Paolo\7 Via Pietro Bottelli, Romentino, No 28068\\0321 867282\\28068\
Caseificio Palzola\Via Europa, 21, 28010 Cavallirio NO\http://www.palzola.it/\0163 80940\\NO\
Formaggi & Salumi Giudici\Piazza XXV Aprile, 4, 24025 Gazzaniga BG\\035 711351\\BG\
Nuova Eurformaggi Srl\S.da Provinciale ex S.da Statale 596 dei Cairoli, 16, 27020 Carbonara al Ticino PV\http://www.nuovaeurformaggi.com/\0382 406133\vendite@nuovaeurformaggi.com\PV\
Gorgonzola Oioli - spaccio aziendale\Via Castello, 12, 28010 Cavaglietto NO\http://www.oioli.it/\0322 806511\8eb368c655b84e029ed79ad7a5c1718e@sentry.wixpress.com react-dom@18.3.1 focus-within-polyfill@5.0.9 core-js-bundle@3.2.1 oioli@oioli.it 605a7baede844d278b89dc95ae0a9123@sentry-next.wixpress.com react@18.3.1 lodash@4.17.21 2062d0a4929b45348643784b5cb39c36@sentry.wixpress.com\NO\
FATTORIE GAROFALO - Bergamo Orio al Serio\Via Aeroporto, 13 - PRIMO PIANO AREA PARTENZE AIR-SIDE FRONTE, GATE A10, 24050 Orio al Serio BG\https://stores.fattoriegarofalo.it/it/italia/lombardia/bergamo/orio-al-serio?utm_source=google&utm_medium=GMBSitelink&utm_campaign=GMBSitelink_Orio_al_Serio_AERO_BGY\035 063 8354\orio@fattoriegarofalo.it\BG\
Latteria Del Piadenese Snc\Corso Giacomo Matteotti, 86, 26100 Cremona CR\http://www.latteriadelpiadenese.it/\0372 21431\info@latteriadelpiadenese.it\CR\
Casale Roccolo - Formaggio di capra biologico\Via Casale Roccolo, 3, 22070 Binago CO\https://www.casaleroccolo.it/\389 009 3596\casaleroccolo@gmail.com\CO\
Latteria Soresina SCA\V. Castellana, 1A, 25032 Chiari BS\https://www.latteriasoresina.it/\\info@latteriasoresina.it aos@2.3.1\BS\
Latteria Soresina Ingresso logistico di Soresina\Via S. Martino, 26015 Soresina CR\\\\CR\
Caseificio Ilfa S.r.l.\V Europa, 18, 25040 Monticelli Brusati BS\http://www.caseificiditalia.it/caseifici/scheda/brescia-monticelli-brusati/caseificio-ilfa-srl/619\030 685 4340\\BS\
Papetti Snc Di Marcello Papetti E C.\Via Roma, 23, 20050 Liscate MI\\02 9535 1057\\MI\
Latteria Bronzone Caseificio e spaccio di vendita\Via Seradina, 27, 24060 Vigolo BG\http://www.montielaghi.it/\035 932791\\BG\
Caseificio Cattaneo SRL\Via Marco Biagi, 18, 23871 Lomagna LC\http://www.caseificiocattaneo.it/contact\039 530 0353\info@caseificiocattaneo.it\LC\
Mozzarella di Seriate\Via Cassinone, 32, 24060 Cassinone BG\http://www.mozzarelladiseriate.it/index.php/i-prodotti/i-bianchi/results,1-60\035 303884\\BG\
Azienda Agricola Del Vecchio\Via Primo Maggio, 21, 22070 Binago CO\https://www.slowlakecomo.com/attractions/azienda-agricola-del-vecchio-produzione-formaggio-da-latte-bovino/\\info@slowlakecomo.com\CO\
Formaggi Perolari Srl\Via Bornico, 60, 25036 Palazzolo sull'Oglio BS\\030 748 0726\\BS\
Casale Roccolo - Mercato Coperto Como - Formaggio di capra\Via Mentana, 5, 22100 Como CO\https://casaleroccolo.it/\389 009 3596\\CO\
Azienda agricola La Ghiandaia\L'Amlgna d Zra, 6673 Maggia, Svizzera\\41 91 753 18 93\\Svizzera\
Regina bianca Bufala di Battipaglia DOP\Via Bellinzona, 131, 22100 Como CO\https://www.facebook.com/reginabiancabufaladibattipaglia/\031 412 0761\\CO\
Agriform Sca\Via Rezzola, 21, 37066 Sommacampagna VR\http://www.agriform.it/\045 897 1800\\VR\
Industria Casearia Colla Paolo s.r.l.\Via Castello, 63, 29010 Santimento PC\https://www.caseificiocollapaolo.it/\0523 781120\\PC\
Societa' Cooperativa Latteria Sociale (S.R.L.)\8 Isolato Statale Mezzano Chitantolo, Castelvetro Piacentino, PC 29010\\0523 820205\\29010\
Magazzini Raimondi\Via Mantovana, 22, 26864 Ospedaletto Lodigiano LO\\0377 376497\\LO\
La Fonte del Latte\Via Roma, 2, 21050 Cantello VA\\\\VA\
GABBIONETA BINANUOVA\26030 Localit Polo Nord CR\\\\CR\
Caseificio San Vitale Pellegrini\Via Maccagnere, 7, 25020 Seniga BS\\\\BS\
Caseificio Frizza Societa Agricola Cooperativa\Via Birla, 55, 46020 Pegognaga MN\https://www.caseificiofrizza.it/\0376 558419\caseificiofrizza@gmail.com\MN\
Latteria Agricola Quistello\Via Cappe, 3b, 46026 Quistello MN\https://latteriaquistello.it/\0376 618234\info@latterianuovamandrio.it info@latteriaquistello.it\MN\
Caseificio Di Prabiano Di Renofio Enrico Erminio e figlio s.n.c\Via Casa Punta, 3, 37069 Villafranca di Verona VR\\045 961 9026\\VR\
Solat Societ Agricola Cooperativa\Localit Salvasecca, snc, 25024 Leno BS\https://www.cooperativasolat.it/\030 904 9061\info@cooperativasolat.it\BS\
Azienda Agricola La Valle Srl\Strada Torre, Goito, MN 46044\http://oasidelmincio.eu/\0376 688133\\46044\
VeroCaff\Via Enrico Berlinguer, 4, 26030 Gadesco-Pieve Delmona CR\http://www.verocaffe.eu/\0372 838688\selezioni@verocaffe.eu abc@xyz.com info@verocaffe.eu\CR\
Centro Commerciale CremonaDue\Via Enrico Berlinguer, 39, 26030 Gadesco-Pieve Delmona CR\http://www.cremonadue.com/\0372 838308\\CR\
Iper La grande i - Cremona\Via Enrico Berlinguer, 26030 Gadesco-Pieve Delmona CR\https://www.iper.it/punti-vendita/cremona?utm_source=GMB&utm_medium=organic&utm_campaign=listing-google-my-business&utm_content=Pdv_Cremona\0372 841011\\CR\
Caseificio Lanfredini\Localit Contignaco, 33, 43039 Parma, PR\https://www.caseificiolanfredini.it/\0524 578245\\PR\
Caseificio San Pier Damiani (Caseificio di Parmigiano Reggiano)\Str. Gazzano, 35 A, 43123 San Prospero PR\https://www.sanpierdamiani.com/\0521 645181\\PR\
Casearia Corradi (S.N.C.)\Via Trieste, 1, 43015 Noceto PR\http://www.caseariacorradi.com/\0521 625309\\PR\
Bandini Fausto S.N.C.\Via Bombodolo, 8, 43015 Noceto PR\\0521 629144\\PR\
CIAOLATTE\Via Borghetto, 15, 43015 Noceto PR\http://www.ciaolatte.it/\0521 624035\\PR\
Caseificio Della Musica Bertinelli\Via Provinciale Pedemontana, 2, 43015 Noceto PR\https://www.bertinelli.it/en\370 327 1843\info@bertinelli.it\PR\
Il Caseificio di una volta\Via S. Rocco, 31, 25018 Montichiari BS\https://ilcaseificiodiunavolta.it/\320 669 2617\info@ilcaseificiodiunavolta.it\BS\
Bosco Ex Parmigiano\\\\\\
Rossetti Casearia S.N.C. Di Rossetti G. & C.\Via XXIV Maggio, 28, 29021 Bettola PC\\0523 917934\\PC\
Caseari Dall'Aglio SNC\Via' Rio Corto n4, Bacedasco Basso, 29010 Vernasca PC\\0523 895231\\PC\
Gieffe Formaggi Di Galli Franca\Via dei Pizzi, 4, 26010 Sergnano CR\\328 951 1545\\CR\
Caseificio Barani G&G Snc\Strada Budellungo 139, Str. Bassa Nuova, 1, 43123 Parma PR\\0521 645595\\PR\
Caseificio S. Antonio\Via Dugali Mattina, 2, 25018 Sant'Antonio BS\https://caseificiosantonio.com/profilo-aziendale.php\030 961572\\BS\
Caseificio San Girolamo\Via Gorizia, 9, 37069 Rosegaferro VR\https://www.caseificiosangirolamo.it/\045 790 0472\\VR\
Caseifico Bragazzi Paolo Alpino\A, Via Oreste Mortarotti, 5, 43123 Parma PR\\0521 645903\\PR\
Caseificio La Leonessa\Via Campagnole, 48, 37064 Povegliano Veronese VR\\045 635 0819\\VR\
Caseificio S.Francesco\46030 Borgo Virgilio MN\\\\MN\
Caseificio Norden\Via G. Marconi, 4, 21018 Osmate VA\http://www.norden.eu/\0331 953280\\VA\
Caglio Guareschi\Via Villa 28 Loc, 43010 Fontanelle PR\https://www.caglificioguareschiparma.it/\0521 870152\\PR\
Lattegra Industria Casearia S.p.A\Localit Gragnanino, SP7, 29010 Gragnano Trebbiense PC\http://www.lattegra.it/\0523 789000\\PC\
SPACCIO LATTEGRA - Caseificio produzione Grana Padano e vendita al dettaglio\loc, 29010 Gragnanino PC\http://www.lattegra.it/\0523 788732\\PC\
Latteria Villa Curta\Via Piero Montagnani Marelli, 19, 42122 Reggio Emilia RE\http://www.latteriavillacurta.it/\0522 551819\\RE\Sponsorizzato
Caseificio La Ginestra Soc. Cas. Coop.\Str. Santa Margherita, 134, 43036 Santa Margherita PR\http://www.caseariadotti.com/\0522 875025\info@caseariadotti.com\PR\
Latteria Sociale Fabiola Soc.Coop.A.R.L.\5, Str. del Prosciutto, PR\\0521 355336\\PR\
Caseificio Croce Societa Agricola Cooperativa\Strada Viola Sacca, 35-16, 46020 Pegognaga MN\\0376 558263\\MN\
Caseificio - Parmigiano Reggiano - Societ Agricola Saliceto\Via Toscanini, 3, 43037 Mulazzano Ponte PR\https://www.parmigianoreggianosaliceto.it/?utm_source=gmb&utm_medium=organic&utm_campaign=website-button\0521 857193\\PR\
Latteria Sociale S. Lazzaro Societa' Agricola Cooperativa\Via Piubega, 51B, 46040 Ceresara MN\\0376 87054\\MN\
Caseificio Sociale Ballottara\Via Bugno, 132, 45032 Bergantino RO\\0425 805204\\RO\
Caseificio Sant Angelo Di Caretti Dante E C. Snc\Via Imbiani, 7, 40017 San Giovanni in Persiceto BO\\051 824811\\BO\
Albalat S.C.A.\Strada Cavetto Gherardo, 3, 41012 Carpi MO\\059 629617\\MO\
Bertozzi Arnaldo E Giorgio S.A.S.\V. La Bionda, 80, 43014 Medesano PR\\0525 420759\\PR\
Hosteria Caseificio Bertinelli\Via Provinciale Pedemontana, 2, 43015 Noceto PR\https://www.bertinelli.it/\370 327 1843\info@bertinelli.it\PR\
\\\\\\
Fassera Gabriele E Maurizio Daniele\Via Caselle, 8, 26031 Isola Dovarese CR\\0375 946000\\CR\
Caseificio Ghidetti s.r.l.\Via Vivaldi, 201, 37050 Isola Rizza VR\http://www.caseificioghidetti.it/\045 713 5711\\VR\
Caseificio Mozzarella Di Bufala\Via Giuseppe Rensi, 17, 37069 Villafranca di Verona VR\\\\VR\
Bertoni S.R.L. Parmigiano Reggiano\Via Circonvallazione Ovest, 20, 42045 Luzzara RE\https://www.bertoniformaggi.it/\0522 976339\info@bertoniformaggi.it\RE\
caseificio dibelli\Via Pasubio, 51, 37069 Villafranca di Verona VR\\\\VR\
Latteria Sociale Roverbella\S.da Statale 249 Nord, Sud, 46048 Roverbella MN\https://www.granapadano.it/it-it/latteria-sociale-roverbella-sca.aspx\0376 694065\latrove@tin.it goitese@latteriagoitese.it\MN\
Latteria Cooperativa S. Sebastiano Scarl\Str. Rodone, 13, 46045 Marmirolo MN\http://www.lsmgroup.it/\0376 466017\\MN\
Latini F.Lli Di Latini S. E C. (S.N.C.)\Via Alessandro Manzoni, 23, 24060 San Paolo d'Argon BG\\035 680061\\BG\
Industria Casearia Silvio Belladelli srl\Via Pasubio, 49, 37069 Villafranca di Verona VR\http://www.belladelli.it/\045 630 4786\\VR\
Caseificio Bagnolese Di Boldini Andrea E C. S.N.C.\Via Grumo, 1, 25021 Bagnolo Mella BS\https://sites.google.com/view/caseificio-bagnolese/home-page\030 620723\info@caseificiobagnolese.it\BS\
Ovomik Di Micheletti Marco\Via Puccini, 5, 24030 Scano Al Brembo BG\\035 527269\\BG\
Innocenti Pierangelo & C. (S.N.C.)\Via XXV Aprile, 18, 24040 Bonate Sotto BG\\035 991440\\BG\
Nuova Castelli e Cairati\Via Don Luigi Sturzo, 10, 20081 Abbiategrasso MI\https://www.gorgonzola.com/associati-consorzio/nuova-castelli-e-cairati-spa/\02 946 5497\\MI\
L'Agricola  il Caseificio\Via Rho, 90, 20045 Lainate MI\https://agrocasearia.com/\02 937 2957\\MI\
So.di.ge.al. S.r.l.\Via Caselle, 33, 46030 Caselle MN\\0376 245100\\MN\
Fratelli Mannoni\Via Cesare Lombroso, 32, 20137 Milano MI\\02 5405 0216\\MI\
Societ ' Agricola Allevamenti S.Giacomo Lovara SRL\Via Giuseppina, 1, 26030 Malagnino CR\\\\CR\
Biocaseificio Tomasoni\Via Roma, 30, 25023 Gottolengo BS\http://www.biocaseificiotomasoni.it/\030 951007\info@biocaseificiotomasoni.it\BS\
Caseificio Sociale Pongennaro\137 Strada Per Carzeto, 43019 Pongennaro PR\http://www.2064.it/\0524 597065\visite@2064.it shop@2064.it\PR\
Campanini Massimo & C. Snc\Str. Campanini Bonfanti, 37, 43123 Parma PR\\0521 641288\\PR\
Latteria Sociale Nuova Mandrio\Via Mandrio, 48, 42015 Correggio RE\https://www.latterianuovamandrio.it/\0522 699497\info@latterianuovamandrio.it support@latterianuovamandrio.it\RE\
Latteria Sociale Case Cocconi\Via Fornace, 6, 42040 Case Cocconi RE\\0522 677490\\RE\
Pagliarini Daniela\Via Gruara, 99, 42028 Poviglio RE\\0522 969286\\RE\
MONTANARI & GRUZZA SPA\Via I. Newton, 38, 42100 Reggio Emilia RE\http://www.montanari-gruzza.it/\0522 944251\info@montanari-gruzza.it\RE\
Valserena - Parmigiano Reggiano Solo di Bruna\Strada Provinciale, Strada per Mezzani, 2, 43056 Gainago PR\http://www.valserena.com/\0521 819114\\PR\Sponsorizzato
4 Madonne Caseificio dell'Emilia\Via Martiniana, 281A, 41126 Baggiovara MO\http://www.caseificio4madonne.it/\059 510217\wght@100..900\MO\
Caseificio Caccialupi - Spaccio\Via Provinciale, 31, 46030 Serravalle A Po MN\http://www.caseificiocaccialupi.it/\0425 712191\info@caseificiocaccialupi.it\MN\
Caseificio Sociale S.Giovanni Battista\2 Localita' Antreola, Antreola, PR 43024\\0521 846209\\43024\
Latteria Sociale Cooperativa Cassio\Localit Selva Borelle, 3, 43040 Solignano PR\\0525 526120\\PR\
Caseificio Sociale San Martino\Via Piani di Riva, 5, 43040 Viazzano PR\https://caseificio-san-martino-1.jimdosite.com/\0525 53101\\PR\
Caseificio Sociale 'Urzano' Soc. Coop. A R.L.\2 Localita' Lame, Neviano Degli Arduini, PR 43024\\0521 843216\\43024\
Caseificio Pellegrino Formaggi\Via Roma, 66, 43047 Pellegrino Parmense PR\https://www.pellegrinoformaggi.com/\0524 64333\caseificio@pellegrinoformaggi.com\PR\
Capoferri Formaggi Srl\Via Guglielmo Marconi, 22, 24060 Adrara San Martino BG\https://www.formaggicapoferri.it/\035 933125\\BG\
F.lli Radicci SpA\Via C. No, 33, 20010 Mesero MI\http://www.casaradicci.com/\02 9728 5273\caseificiopugliese@pecsoci.ui.torino.it info@casaradicci.com\MI\
Altoprato\Via dei Lavoratori, 1, 20090 Rovido Industriale MI\http://www.altoprato.com/\02 4570 2931\\MI\
Ghezzi Azienda Agricola\Via Adamello, 28, 23807 Merate LC\\039 990 1100\\LC\
Caseraria Primaluna\Via Romentino, 98, 28069 Trecate NO\\321 185 5268\\NO\
Igor (Ballarini S.P.A.)\Str. per Novara, 160, 28062 Cameri NO\\0321 518801\\NO\
Dal Razzo Alimentari e Tabacchi di Razzini Andrea\Piazza Patrioti, 4, 26010 Montodine CR\\0373 242571\\CR\
Consorzio Tutela Formaggio Branzi\Via, Largo Bortolo Belotti, 16, 24100 Bergamo BG\https://consorziotutelaformaggiobranzi.it/\035 422511\info@consorziotutelaformaggiobranzi.it\BG\
Mosca Giuseppe & C. 1948\Via A. Manzoni, 1A, 20066 Melzo MI\http://www.mosca1948.it/\02 9573 7200\info@mosca1948.it\MI\
Cascina Torricella\15050 Sarezzano AL\\\\AL\
Latteria e Caseificio Moro S.r.l.\Via Postumia, 281, 31045 Motta di Livenza TV\https://www.caseificiomoro.com/\0422 768734\\TV\
Locanda La Motta  Ristorante e camere\Via Argine Casalmaggiore, 84, 26045 Motta Baluffi CR\\0375 845713\\CR\
Caseificio Sociale Di Neviano Degli Arduini Soc.Agr.Coop\131 Localita' Laurano, Neviano Degli Arduini, PR 43024\\0521 843233\\43024\
Societ Agricola Molinari\Strada Br di Sopra, 56, 43012 Casalbarbato PR\\\\PR\
G. & D. Formaggi\Via Giuseppe Verdi, 33, 43017 San Secondo Parmense PR\\0521 873588\\PR\
Caseificio Avanzi S.N.C.\Via Bora, 12, 43029 Traversetolo PR\\0521 841320\\PR\
Latteria Sociale Mantova Societa' Agricola Cooperativa\Via Fratelli Kennedy, 48, 46047 Porto Mantovano MN\http://www.lsmgroup.it/\0376 390808\\MN\
Latteria La Colornese (Soc. Coop.R.L.)\Strada Della Selva, Sant'andrea, PR 43056\\0521 816272\\43056\
Latteria Di Palasone\Localit Palasone, 2, 43010 Sissa Trecasali PR\https://www.latteriadipalasone.it/\0521 879385\info@latteriadipalasone.it info@website.com\PR\
Banzola Paolo\Via Giuseppina Strepponi, 51, 43011 Busseto PR\\0524 92794\\PR\
Padania\Via Circonvallazione Sud, 47, 26010 Offanengo CR\http://www.padaniasrl.it/html/home.php\0373 780120\\CR\
Castellanza Formaggi Spa\Via Valle Olona, 24, 21052 Busto Arsizio VA\http://www.castellanzaformaggi.it/it\0331 302550\\VA\
Pizzamiglio Francesco\Via Morbasco, 8, 26024 Paderno Ponchielli CR\\0374 367093\\CR\
PAVONI GIACOMO\26024 Paderno Ponchielli CR\\\\CR\
Mozzarella Mia\Via Triumplina, 101, 25136 Brescia BS\http://www.mozzarellamia.com/\030 200 1210\slick-carousel@1.8.1 popper.js@1.16.0\BS\
Latteria Sociale Cavecchia\Str. Cattanea, 66, 42046 Reggiolo RE\\0522 972291\\RE\
Caseificio F.lli Martignoni\Via Gardesana, 19, 37010 Pastrengo VR\http://www.caseificiomartignoni.it/\045 717 0488\info@caseificiomartignoni.it\VR\
Manfredini Fratelli (S.N.C.)\42045 Corghe RE\\0522 977465\\RE\
spaccio rivendita prodotti caseari della scuola lattiero-casearia Pandino\Via Bovis, 6, 26025 Pandino CR\\\\CR\
Caseificio Santangiolina Latte Ex Acquistapace\Via Guido Rossa, 3, 26025 Pandino CR\http://www.santangiolina.it/\0371 89420\\CR\
Scuola Casearia Pandino\Via Bovis, 4, 26025 Pandino CR\https://istitutostanga.edu.it/orientamento-casearia-pandino/\0373 90059\\CR\
Azienda Agr. e Caseificio Uggeri - Produzione di Formaggi di Capra\Via Bassa, 83, 25018 Montichiari BS\https://www.pota.it/caseificio-uggeri\030 554 1258\\BS\
Cascina Malfatto\racc Autostradale Ospitaletto - Montichiari, 25020 Poncarale BS\\\\BS\
Caseificio Damiano\Via Leonardo da Vinci, 3, 20836 Briosco MB\http://www.caseificiodamiano.it/\0362 998608\info@caseificiodamiano.it\MB\
Caseificio Saica\Str. della Cicognara, 39, 43019 Soragna PR\\349 395 4930\\PR\
Caseificio Tagliata\Via Bonazza, 42016 Tagliata RE\\\\RE\
Facchi Fratelli S.s. Societa' Agricola\Cascina Quadri, 26030 Pessina Cremonese CR\\\\CR\
Parmigrana S.R.L.\Viale Pompeo Coppini, 13, 46024 Moglia MN\\0376 599658\\MN\
Latteria Mortaretta F.Lli Ballesini Nedo E Alessandro S.R.L.\Str. Cattanea, 66, 42046 Reggiolo RE\http://www.latteriamortaretta.it/\0522 972006\info@latteriamortaretta.it info@latteriamortaretta.com\RE\
Gruppo Caffi\Via Dante Alighieri, 3, 26023 Farfengo CR\https://gruppocaffi.it/contatti/\\\CR\
Latteria Goitese\Str. Torre, 81A, 46044 Goito MN\\0376 686940\\MN\
Molinari Maurizio - salumeria e laboratorio produzione salame\Via S. Savino, 72, 26100 Cremona CR\http://www.isalumidelletret.com/\0372 58289\molinarimaurizio@fastpiu.it\CR\
Azienda Agricola Trombetta\Via Caselle, 10, 26031 Ostiano CR\\\\CR\
Piadena Drizzona\Via delle Industrie, 7, 26034 Piadena CR\http://www.ars-altmann.de/\\\CR\
ANDREA MOZZARELLA\Unnamed Road,26010, Pianengo CR\\\\CR\
F.A.R. ELETTRIC S.R.L.\Via V. Veneto, 46, 26010 Pianengo CR\https://farelettric.it/?utm_source=MyBusiness&utm_medium=myb-organic&utm_campaign=website\0373 74390\farelettric@pec.it info@farelettric.it supporto@farelettric.it\CR\
Bonizzi S.r.l.\Via Bergamo, 6, 26029 Soncino CR\http://www.bonizzi.it/\0374 85521\\CR\
Artigiana Pizze\Via Amendola, 2, 26010 Pianengo CR\https://www.instagram.com/samaranipizze/?hl=it\0373 750127\\CR\
Societ Agricola Prealpina srl\Via Molino del freddo, 1, 21051 Arcisate VA\\339 615 2508\\VA\
Az.Agr.Bianchessi Allevamento Ovini\Via Stazione, 26017 Quintano CR\\349 294 4874\\CR\
Croce di Malta\Via Vailate, 57, 26017 Pieranica CR\https://www.facebook.com/enotecacrocedimalta\0373 71581\\CR\
Azienda agricola Caprivalcuvia\V. San Pietro, 12, 21030 Cantevria VA\\\\VA\
Gamba Maria\Via Clanezzo, 35, 24031 Almenno San Salvatore BG\\035 643039\\BG\
Arrigoni Sergio Formaggi SRL\Via Pradelle, 24, 24011 Alm BG\http://www.sergioarrigoni.it/\035 543535\\BG\
Caseificio Defendi Luigi srl\Via Francesca, 82, 24043 Vidalengo BG\https://www.formaggidefendi.com/\0363 301022\\BG\
Agricola Torbera\Via Milano, 2335, 21027 Ispra VA\https://www.facebook.com/people/Agricola-Torbera/100086502341949/\349 317 3004\\VA\
Nico Milk\Via Milano, 35, 20007 Cornaredo MI\\02 936 3993\\MI\
Azienda Agricola La Marnetta. Salumi di Tradizione\Via del Borgo, 26040 Pieve d'Olmi CR\https://www.lamarnetta.com/\379 299 1316\\CR\
Azienda Agricola e Caseificio La Primavera dei F.lli Onesti Rodolfo, Sergio e Giulio S.S.\Via Nazionale Emilia, 90, 43015 Sanguinaro PR\\0521 825172\\PR\
Olmi E Centomo Caseificio Anzola dell'Emilia\Via Emilia, 295, 40011 Anzola dell'Emilia BO\http://www.olmiecentomo.it/\051 733658\info@olmiecentomo.it\BO\
Caseificio Pieve Roffeno\Via Santa Lucia, 1719, 40034 Castel d'Aiano BO\https://www.caseificiopieveroffeno.com/\051 912701\pieveroffeno@libero.it\BO\
Caseificio Sociale Della Pieve (S.R.L.)\2 Localita' Blica, Costa, PR 43028\\0521 868017\\43028\
Caseificio Rosola\Via Rosola, 1083, 41059 Verucchia MO\https://caseificiorosola.it/\059 987115\info@caseificiorosola.it\MO\
Caseificio Sociale Di Casola Coop A R.L.\104, Via Statale, Montefiorino, MO 41045\http://www.caseificiodicasola.com/\0536 972094\react-dom@18.3.1 focus-within-polyfill@5.0.9 core-js-bundle@3.2.1 605a7baede844d278b89dc95ae0a9123@sentry-next.wixpress.com react@18.3.1 lodash@4.17.21 8c4075d5481d476e945486754f783364@sentry.io\41045\
CASEIFICIO TRAVERSO\Via V. Gioberti, 37, 35030 Bosco PD\http://www.caseificiotraverso.it/\335 148 8507\info@caseificiotraverso.it\PD\
Caseificio Sociale S. Pietro E Paolo Societa' Agricola Cooperativa\Via Gaiato, 180, 41026 Gaiato MO\\0536 42087\\MO\
Morandini Caseificio\Contrada Dosso, 1, 37020 Erbezzo VR\\045 707 5050\\VR\
Caseificio Guerrini\Via V. Pescerelli, 34, 40018 San Pietro In Casale BO\\051 666 1133\\BO\
SPACCIO - CASEIFICIO CAVOLA s.c.a.\Via Mulino Vecchio, 1, 42033 Colombaia Secchia RE\http://www.993.it/\0522 816419\\RE\
Caseificio Pepe 1924\Via Asti-Nizza 67, Frazione Sabbionassi, 14055 Costigliole d'Asti AT\https://www.isoladelcasaro.it/index.php\338 860 5313\info@isoladelcasaro.it\AT\
Caseificio Sociale Torricella\Via Fondo Villa, Santa Maria Del Piano, PR 43037\http://www.bonat.it/\0521 850300\\43037\
Caseifici Aperti\Via al Ticino, 6592 Sant'Antonino, Svizzera\https://www.caseificiaperti.ch/caseifici\41 91 858 21 70\focus-within-polyfill@5.0.9 core-js-bundle@3.2.1 lodash@4.17.21 ristorante@cdga.ch marco.pellanda@hotmail.com fattoriadelfaggio@gmail.com dafne.gianettoni@bluewin.ch contabilita@caseificiotogninante.ch 605a7baede844d278b89dc95ae0a9123@sentry-next.wixpress.com elisac93@hotmail.com m.poma1976@gmail.com davidesilviaviola@gmail.com gpoma@bluewin.ch s.rigozzi@bluewin.ch react@18.3.1 eventi@colombera.org react-dom@18.3.1 azienda.adula@hotmail.com paolapapina@gmail.com rachioranera@bluewin.ch david.schnell@alpinavera.ch rodoni.paolo@gmail.com info@allameta.ch enrico.pedrazzini@bluewin.ch mirkotogni1979@gmail.com\Svizzera\
Consorzio Tutela Quartirolo Lombardo\Viale Francesco Crispi, 24, 25034 Orzinuovi BS\http://www.quartirolo.com/\030 944320\tutelaquartirolo@legalmail.it info@quartirololombardo.com\BS\
Azienda Agricola Premoli Emilio & Sergio\Cascina Obizza 1, 26010 Ricengo CR\\\\CR\
Societ Agricola PREMOLI FARM\Via per Ricengo, 26010 Ricengo CR\\\\CR\
I percorsi del Mulino\Via Molino, 3, 26010 Ricengo CR\https://ipercorsidelmulino.wixsite.com/ipercorsidelmulino\338 171 0800\8eb368c655b84e029ed79ad7a5c1718e@sentry.wixpress.com react-dom@18.3.1 focus-within-polyfill@5.0.9 core-js-bundle@3.2.1 ipercorsidelmulino@virgilio.it 0e6a29e4756740a8a63493e912ba2174@sentry.wixpress.com 605a7baede844d278b89dc95ae0a9123@sentry-next.wixpress.com react@18.3.1 lodash@4.17.21 2062d0a4929b45348643784b5cb39c36@sentry.wixpress.com baf30a2b91654c5a840931f0137bed30@sentry.wixpress.com\CR\
Bottega del Casaro\Via Podere della Vigna, 27 B, 20019 Settimo Milanese MI\\335 580 5261\\MI\
La Piccola Bottega Delle Golosit\Via Guglielmo Marconi, 11A, 26010 Ripalta Cremasca CR\https://www.piccolabottegadellegolosita.it/\392 030 4637\\CR\
Alinor Spa\Via Vittorio Veneto, 1C, 26010 Ripalta Cremasca CR\http://www.alinor.it/\0373 259587\\CR\
Societa' Agricola S.i.a. Srl\Via Marco Polo, 5 l, 26010 Ripalta Cremasca CR\\0373 621952\\CR\
Agrilat S.R.L.\Via Cassinone, 32, 24068 Seriate BG\http://www.agrilatsrl.it/\035 423 7844\\BG\
Fattoria C Rossa\SP249, 46048 Roverbella MN\\345 082 4083\\MN\
Malga Guglielmo di sotto\25050 Zone BS\\\\BS\
Caseificio Preziosa Srl\Via Cassinone, 32, 24068 Seriate BG\http://www.mozzarelladiseriate.it/index.php/it/i-prodotti\035 303884\\BG\
Casella Burro\Via Balilla, 7b, 26036 Rivarolo del Re ed Uniti CR\https://www.burrocasella.it/\0375 534024\info@burrocasella.it\CR\
Italcheese S.P.A.\Via J. F.Kennedy, 16, 42124 Reggio Emilia RE\\0522 386611\\RE\
Magazzini Emiliani Stagionatura Formaggi (S.R.L.)\Via Motta, 9, 42042 Fabbrico RE\\0522 665725\\RE\
Latteria Sociale La Famigliare\Via S. Prospero, 17, 42015 Correggio RE\https://www.caseificio4madonne.it/blog-ed-eventi/articolo/la-famigliare-nuova-incorporazione\0522 692977\wght@100..900\RE\
Casearia F.lli Dotti & La Ginestra\Via Spallanzani Lazzaro, 89, 42021 Barco RE\http://www.caseariadotti.com/\0522 875025\info@caseariadotti.com\RE\
Caseificio Bertelli\Via A. Alberici, 53, 42024 Meletole RE\https://www.ilcasaro.com/chi-siamo/\0522 685138\paola@ilcasaro.com info@pec.ilcasaro.com info@ilcasaro.com thomas@ilcasaro.com\RE\
Ballesini Nedo\Str. Cattanea, 66, 42046 Reggiolo RE\\0522 972471\\RE\
Caseificio Oratorio San Giorgio Societa Agricola Cooperativa\Via delle Nazioni Unite, 16, 41012 Carpi MO\http://www.caseificiosangiorgio.it/\059 664029\\MO\
Caseificio Sociale Alta Val Stirone Soc. Agricola Coop.\Via G. Matteotti, 9, 43047 Pellegrino Parmense PR\\0524 64707\\PR\
Bauli Group - Stabilimento di Romanengo\Via degli Artigiani, 26014 Romanengo CR\http://www.fbfspa.it/\0373 783011\\CR\
Macelleria Cazzamali\Piazzetta Di Rauso, 26014 Romanengo CR\https://www.cazzamali-spesaonline.it/contact-us/\0373 72101\paypal@2x.png\CR\
La Corte Romanengo - Sala da t e ristorante - Milano\Via Caminadella, 23, 20123 Milano MI\http://romanengo.com/\02 7202 1136\\MI\
Antica Confetteria Romanengo Milano\Via Caminadella, 23, 20123 Milano MI\http://www.romanengo.com/\02 7202 1136\\MI\
Leone S.r.l.\Via Pasubio, 44, 37069 Villafranca di Verona VR\https://www.qualitaleone.it/\045 630 1908\\VR\
Caramaschi Roberto\Via F, Via Franklin Vivenza, 32, 46100 Mantova MN\\0376 380533\\MN\
Cascina Duadello\26010 Salvirola CR\\\\CR\
Azienda Agricola Salvi Domenico\Roccolo, 26, 24012 Val Brembilla BG\https://www.facebook.com/AziendaAgricolaSalvi/\\\BG\
Salumificio Marchesi S.r.l.\Via Libert, 14, 26010 Salvirola CR\http://salumificiomarchesi.it/\0373 72315\\CR\
La Futura Salumi S.R.L.\Via delle Arti, 1, 26010 Salvirola CR\https://lafuturasalumi.it/\0373 780115\\CR\
Il Cascinetto\Via C del Facco, 4, 26010 Salvirola CR\http://www.ilcascinetto.it/\0373 729156\ilcascinetto@pec.it info@ilcascinetto.it\CR\
Lameri S.p.A\Via F. D. Cattaneo, 2830, 26020 San Bassano CR\http://www.lameri.it/\0374 3821\info@lameri.it\CR\
Fattoria San Michele\Via Gaggion, 7, 36061 Bassano del Grappa VI\http://www.fattoriasanmichele.com/\0424 501303\info@fattoriasanmichele.com\VI\
Caseificio San Rocco - Punto Vendita di Bassano del Grappa\Via della Pace, 39, 36061 Bassano del Grappa VI\https://www.caseificiosanrocco.it/\0424 89056 ext. 4\enrico.carli@telemar.it info@caseificiosanrocco.it francesco.turco@caseificiosanrocco.it\VI\
Caseificio San Rocco - Punto Vendita di Tezze sul Brenta\Via Tre Case, 235, 36056 Tezze sul Brenta VI\http://www.caseificiosanrocco.it/\0424 89056 ext. 2\enrico.carli@telemar.it info@caseificiosanrocco.it francesco.turco@caseificiosanrocco.it\VI\
Caseificio San Simone S.R.L\Via Federico Garcia Lorca, 18, 42122 Reggio Emilia RE\http://www.caseificiosansimone.com/\0522 340129\\RE\
Latteria Sociale S.Giovanni Della Fossa\Str. Levata, 10, 42017 Novellara RE\https://www.latteriasocialesangiovanni.it/\0522 657165\info@latteriasangiovanni.com\RE\
Santa Vittoria Societ Agricola Cooperativa\Ciriano caseificio, 251, 29013 Carpaneto Piacentino PC\http://www.caseificiosantavittoria.it/\0523 852038\info@caseificiosantavittoria.it\PC\
Latteria Due Madonne\Via A. Lincoln, 3, 42124 Reggio Emilia RE\http://www.latteriaduemadonne.com/\0522 512151\\RE\
.\Via Montepelato Nord, 73A, 43022 Monticelli Terme PR\\0521 658757\\PR\
Azienda Agricola Cantarelli Claudia\Viottolo Fontana, 2, 42040 Campegine RE\http://www.paginegialle.it/aziendaagricolacantarelli\333 375 8609\\RE\
Grana D'oro Vacche Rosse\Strada Neida, 10, 42025 Cavriago RE\http://www.granadoro.it/\0522 370782\info@granadoro.it\RE\
Azienda Agricola Ramponi Natale\Via Palazzo, 7, 26040 San Martino del Lago CR\\0375 95245\\CR\
Boni Luigi E Figli S.A.S.\Via Spinata Valle, 7, 46010 San Martino Dall'argine MN\http://boniluigi.com/territorio.php\0376 91514\\MN\
Latteria Sociale La Mezzanese\Via Distaccamento Po, 5, 43055 Mezzani PR\\0521 818173\\PR\
Cascina Lago Scuro\Via Giacomo Pagliari, 54, 26049 Stagno Lombardo CR\http://www.cascinalagoscuro.com/\340 587 3988\wedding@cascinalagoscuro.com prenotazioni@cascinalagoscuro.com info@cascinalagoscuro.com\CR\
L'agrifoglio\Regione Monticello, 28010 Bolzano Novarese NO\\333 563 5152\\NO\
L'Alba Allevamento Caprino di Borrini Francesca\Str. Rasega, 15, 46010 San Michele In Bosco MN\https://www.allevamentocaprino.it/\0376 950792\info@allevamentocaprino.it\MN\
Caseificio Scala Giovan Battista (S.R.L.)\Str. Gambara, 1D, 25020 Fiesse BS\http://www.caseificioscala.it/\030 950031\info@caseificioscala.it\BS\
Aziende Agricole Cerati\Via Fornace, 10, 26040 Scandolara Ravara CR\http://aziendeagricolecerati.it/\0375 350193\aacss.cerati@gmail.com\CR\
Caseificio Serafini Giovanni e Duilio S.S.\n, Via Pioppi, 26, 41015 Nonantola MO\\339 860 4074\\MO\
Caseificio Sociale 4 Madonne Societa' Cooperativa Agricola\Via Camurana, 7, 41036 Medolla MO\https://www.caseificio4madonne.it/\0535 52482\wght@100..900\MO\
Caseificio Gorrara Luigi\Via Varano, 6, 43015 Noceto PR\http://www.gorrara.com/Contatti/Default.htm\0521 626112\info@gorrara.com\PR\
Bassi S.p.a. Gorgonzola dop dal 1890\Via Sempione, 10, 28040 Marano Ticino NO\http://www.bassiformaggi.it/\0321 97147\\NO\
Azienda BERNUZZO produzione FORMAGGI CAPRINI e allevamento Capre\Via Recorfano, 26030 Solarolo Rainerio CR\\0375 057012\\CR\
Agricola Zani Societa Agricola S.S.\Via Bagnolo, 20, 25016 Ghedi BS\\030 901528\\BS\
4 Madonne Caseificio dell'Emilia Soc. Coop. Agricola\Via Nazionale, 37, 41030 Sorbara MO\https://www.caseificio4madonne.it/\059 902295\wght@100..900\MO\
Cagliodoro Prodor\Strada P. Caldarola, 6, 29022 Mezzano Scotti PC\https://www.prodor.it/\0523 936190\\PC\
Latteria Sociale Cornocchio\29 Strada Per Calerno, Montecchio Emilia, Re 42027\\0522 871138\\42027\
Il Caprino di Soncino\26029 Soncino CR\\\\CR\
CASEIFICIO CANTARANE\Viale Montagna, 10, 25034 Orzinuovi BS\\\\BS\
Zanoletti F.Lli Societa' Semplice Agricola\Str. Gandine, 21, 25016 Ghedi BS\\030 905 0617\\BS\
Cascina Scoticarda\26029 Soncino CR\\\\CR\
Azienda Agricola Tre Gatti S.S.\Via dei Colli, 25020 Poncarale BS\https://aziendaagricolatregatti.com/\348 702 6548\francesca@coler.it\BS\
Spaccio Agricolo Cucchi & Cortinovis s.s.\Cascina Aurora Azzurra, 24058 Romano di Lombardia BG\https://www.spacciocucchiecortinovis.it/\345 929 5940\\BG\
Azienda agricola Chiapparini Giacomo\Cascina Clientela, 17, 24058 Romano di Lombardia BG\\0363 910985\\BG\
Az.Agr. AppenaMunto - latte d'asina\Via Lumetti, 5, 25030 Coccaglio BS\\338 330 5791\\BS\
GFree Alimentare S.r.l.\Via Giuseppina, 124, 26048 Sospiro CR\http://www.gfreealimentare.it/\0372 156 1204\\CR\
Simar Costruzioni Meccaniche\Via Giuseppina, 68, 26048 Sospiro CR\https://www.simarcr.com/\0372 623030\\CR\
Caseificio\\\\\\
Caseificio Antica Corte\Via Emilio Lepido, 291, 43122 Parma PR\\0521 645148\\PR\
Spaccio La Fattoria Di Casella\Via Don Primo Mazzolari, 10, 26030 Spineda CR\\351 617 6055\\CR\
Caccialupi Medardo E Mirco S.N.C.\Via Trento, 14, 45027 Sariano RO\\0425 712191\\RO\
La Casearia Carpenedo S.R.L.\Via Santandr, 17, 31050 Camal TV\http://www.lacasearia.com/\0422 872178\info@lacasearia.com\TV\
Azienda Agricola Cipriani Paolo\26030 Spineda CR\\339 277 7288\\CR\
Agriturismo La Fornace, Spino d'Adda\Cascina Fornace, 1, 26016 Spino d'Adda CR\\0373 965939\\CR\
SICARNI SRL\Via Gamello, 6, 26016 Spino d'Adda CR\\\\CR\
Caseificio Provolotty\Via Trento, 1c, 20060 Cassina de' Pecchi MI\\\\MI\
Caseificio Ex Bonirola\Via Marchesina, 118, 20090 Trezzano sul Naviglio MI\\\\MI\
Caseificio La Contadina\Via Montepulciano, 21, 20124 Milano MI\https://www.instagram.com/lacontadinamilano/\02 6748 1349\\MI\
Tenuta Liberata\Via Fornace, 7, 26016 Spino d'Adda CR\\\\CR\
Miracolo a Milano\Via Stendhal, 47, 20144 Milano MI\https://cosaporto.it/partner/miracolo-a-milano/\02 4229 3325\autocomplete-plugin-query-suggestions@1.7.1 algoliasearch@4.14.2 autocomplete-plugin-recent-searches@1.7.1 instantsearch.js@4.44.0 autocomplete-js@1.7.1\MI\
La Fontana di Comazzo\Cascina Molino Torchio, 26833 Comazzo LO\http://www.lafontanadicomazzo.it/\02 906 1006\\LO\
Siero Lat Srl Di Rota Virgilio E Remo\Via Don Francesco Donati, 37, 24040 Casirate d'Adda BG\https://www.siero-latsrl.it/\335 745 9771\virgilio.rota@alice.it\BG\
Frieslandcampina Italy Srl\Via Paracelso, 24, 20864 Agrate Brianza MB\https://www.frieslandcampina.com/\039 607 2500\leaflet@1.5.1\MB\
Caselle di Corini Giovanni Azienda Agricola\Via Caselle, 1, 26049 Stagno Lombardo CR\\\\CR\
Canalone (S.R.L.)\Via Giuseppe Galluzzi, 29, 29016 Cortemaggiore PC\\\\PC\
Caseificio Croce Grossa\29010 Besenzone PC\\\\PC\
Latticini Parma S.R.L.\Viale Gabriele Rossetti, 10, 29016 Cortemaggiore PC\http://www.latticiniparma.it/\0523 832186\\PC\
Agricola Tre Valli Societa' Cooperativa\Via Ghizzi, 24, 43010 Polesine Zibello PR\\0524 932000\\PR\
AMBROSI Collecchio\Via Roma, 1A, 43044 Collecchio PR\\0521 333911\\PR\
Azienda Agricola La Grande\Via Roma, 7, 26020 Ticengo CR\\0374 71119\\CR\
Tanelli Elio S.R.L.\Via Battaglie, 25017 Lonato del Garda BS\http://www.tanelli.it/\030 910 3971\info@tanelli.it\BS\
Azienda Agricola Torlino Vimercati S.S.\Via Borghetto, 6, 26017 Torlino Vimercati CR\\0373 71673\\CR\
Azienda agricola PURA PASSIONE di Michael Passoni\Via Per Cascina Corte Anna, 22, 20874 Busnago MB\\338 285 9779\\MB\
Torlino Vimercati\\\\\\
Trattoria Severgnini\Via Crema, 2, 26010 Capralba CR\https://www.trattoriasevergnini.com/\0373 450030\\CR\
La Contadina\Corso Milano, 60, 20900 Monza MB\http://www.contadina.it/\351 712 9753\20info@lacontadina.it info@lacontadina.it\MB\
La Torretta\Via Maggiore, 16, 26010 Farinate CR\https://it-it.facebook.com/ristorantelatorrettafarinate/\0373 450263\\CR\
La mucca nera Monza\Via Vittorio Emanuele II, 1315, 20900 Monza MB\\345 354 6726\\MB\
Azienda Agricola Gorbani\Cascina Dari, 1, 24050 Pumenengo BG\\0363 994043\\BG\
Caseificio Tira\Lucomagno 91, 6718 Olivone, Svizzera\https://www.caseificiotoira.ch/\41 91 872 11 06\\Svizzera\
Azienda Agricola Rota\Via Gallarate, 140, 28047 Oleggio NO\\0321 185 1416\\NO\
Azienda agricola & Caseificio Grom\Ra Strada da Boris 16, 6958 Bidogno, Svizzera\https://www.ccat.ch/\41 79 604 82 10\\Svizzera\
Eredi Angelo Baruffaldi S.r.l.\Via Roma, 32, 28060 Castellazzo Novarese NO\http://www.eredibaruffaldi.com/\0321 83717\\NO\
Caseificio Donato\Via Don Bosco, 34, 10044 Pianezza TO\http://www.caseificiodonato.com/\011 967 6178\info@caseificiodonato.com\TO\
Caseificio Fior Di Latte\Via Benna, 12, 10050 Coazze TO\http://www.facebook.com/FiorDiLatteCaseificioArtigianale\351 477 8672\\TO\
Caseificio F.lli Paleni - Gromo\Via Papa Giovanni XXIII, 2, 24020 Gromo BG\http://www.caseificiopalenigromo.it/\0346 41812\info@caseificiopalenigromo.it caseificiopalenisnc@pec.buffetti.it\BG\
Latteria Vigezzina\Via Belcastro Pittore, 1, 28857 Santa Maria Maggiore VB\https://www.latteriavigezzina.com/\0324 94733\\VB\
Latteria Sociale Montana di Scalve\Via S. Giorgio, 29, 24020 Vilminore di Scalve BG\http://www.latteriasocialediscalve.it/\0346 51131\\BG\
Latteria Sociale Del Fornacione Societa'Cooperativa Agricola\Via Fornacione, 42038 Felina RE\http://www.fornacione.it/\0522 814401\info@fornacione.it\RE\
Azienda Agricola Ca' Nel Pra'\Regione Isole, 12, 15018 Isole AL\http://www.canelpra.wordpress.com/\0144 91131\\AL\
Caseificio Chiletti\Strada Albareto, 792, 41122 Albareto MO\https://www.chiletti.net/\059 842315\\MO\
Az Agr Bonati Giorgio IL BONAT Parmigiano reggiano\Via Bosco, 3 Piazza di, 43022 Basilicanova PR\http://www.bonat.it/\0521 681707\\PR\
Caseificio Sociale Presanella\Via Quirino Bezzi, 1, 38020 Mezzana TN\http://www.caseificiopresanella.com/\0463 757282\\TN\
Azienda Agricola La Capramica\Via Livio Marbello, 49, 15122 Litta Parodi AL\\339 350 7930\\AL\
Azienda Agricola Al Taul\Via Al Taul, 1, 23030 Valdisotto SO\http://www.iformaggidioga.it/\339 470 7474\\SO\
Fortuna Enrico\Via Alessandro Manzoni, 11, 26038 Torre De' Picenardi CR\http://www.cascinafortuna.it/it/contatti.html\0375 036282\info@cascinafortuna.it\CR\
Latteria Vo Grande\Via Vo, 40, 46020 Pegognaga MN\http://www.latteriavogrande.it/\0376 558925\info@latteriavogrande.it\MN\
Societ Cooperativa CO.P.A. Trigolese\Via Cantarane, 30, 26018 Trigolo CR\https://www.facebook.com/copatrigolese\0374 370238\\CR\
Cascina gallotte\SP45, 26018 Trigolo CR\\0374 370742\\CR\
Cascina Buraglio\26018 Trigolo CR\\\\CR\
Cascina Brugnole\Cascina Brugnole, 1, 26018 Trigolo CR\\\\CR\
Cascina Colombarola\26018 Trigolo CR\\\\CR\
Societ Agricola Spoldi G. e Bodoni L.\Cascina Brugnole, 1, 26018 Trigolo CR\\\\CR\
Macelleria Salumificio Belli\Piazza Europa, 3, 26018 Trigolo CR\https://www.facebook.com/people/Macelleria-Belli-Giovanni-e-figli-snc/100054601112752/\0374 370163\\CR\
Caseificio Tiraboschi G.\24013 Zambla Alta BG\\\\BG\
Azienda Agricola Ambrogi Gian Paolo\Cascina Colombara del Bosco, 26018 Trigolo CR\\\\CR\
Cavagnoli A. M. Spoldi L.C.F. AA\C.na Tonola, 2, 26018 Trigolo CR\\\\CR\
Colombara Nuova di Agosti\26018 Trigolo CR\\\\CR\
Caseificio Le Giare di Agricola Lorenzini S.S.\Via Giare di Sopra, 206, 37013 Pesina VR\https://caseificiolegiare.com/\333 660 0158\caseificiolegiare@gmail.com\VR\
Caseificio Richiedei\Strada della Frera, 9, 25060 Pezzaze BS\\339 231 5470\\BS\
C.I.M. CARDIFICIO ITALIANO\Via Giovanni Paolo II, 49, 26010 Vaiano Cremasco CR\http://www.cardificioitaliano.it/\0373 791453\cim@cardificioitaliano.it\CR\
Salumeria Vailati Di Vailati Antonio E Massimo S.N.C.\Via Roma, 26, 26010 Vaiano Cremasco CR\http://www.salumeriavailati.it/\0373 277007\massimovailati.mv@gmail.com\CR\
Macelleria Stringa Luigi\Via Fratelli Cervi, 19, 26010 Vaiano Cremasco CR\\0373 277233\\CR\
Caseificio Lombardi\Via Molino, 6, 25080 Nuvolento BS\\030 691 9212\\BS\
C.i.m.i. (S.p.a.)\Km. 27.066 Strada Statale 415, Vaiano Cremasco, CR 26010\http://www.cimi.bz/\0373 791160\\26010\
Spaccio della Latteria Sociale di Cameri\Str. per Novara, 67, 28062 Cameri NO\http://www.latteriadicameri.it/\0321 519553\\NO\
Produzione Propria Salumeria\Via Caimi, 62, 26019 Vailate CR\\\\CR\
REZZI ALESSIO ALLEVAMENTO MAIALI\Via Fornace, 26039 Vescovato CR\\\\CR\
Dolciaria Sorelle Rivoltini\Via G. Garibaldi, 67, 26039 Vescovato CR\http://www.sorellerivoltini.com/\0372 830373\dolciaria@sorellerivoltini.com\CR\
La Bottega di Chiara\Piazzale Europa, 3, 26039 Vescovato CR\\0372 81524\\CR\
Agrisilos\Via Pozzi, 26048 Caseificio CR\\\\CR\
Agriturismo Alpe Rompiago (nuova gestione 2024)\ra strda da Bors, 6958 Bidogno, Svizzera\http://www.gromealperompiago.com/\41 77 448 03 25\c183baa23371454f99f417f6616b724d@sentry.wixpress.com react-dom@18.3.1 dd0a55ccb8124b9c9d938e3acf41f8aa@sentry.wixpress.com focus-within-polyfill@5.0.9 lodash@4.17.21 core-js-bundle@3.2.1 605a7baede844d278b89dc95ae0a9123@sentry-next.wixpress.com react@18.3.1 88170cb0c9d64f94b5821ca7fd2d55a4@sentry-next.wixpress.com 8c4075d5481d476e945486754f783364@sentry.io 78f7996315bc402f9dcb8a2f974b82d1@sentry.wixpress.com\Svizzera\
La Giunc Distribuzione SRLs\Via Circonvallazione, 13025 Fobello VC\http://www.lagiunca.com/\0163 55043\\VC\
Caseificio Mediterraneo\Via Montesordo, 34, 22072 Cermenate CO\http://www.mediterraneocaseificio.it/\031 722655\8eb368c655b84e029ed79ad7a5c1718e@sentry.wixpress.com react-dom@18.3.1 info@mediterraneocaseificio.it focus-within-polyfill@5.0.9 core-js-bundle@3.2.1 laura.digregorio@icloud.com 605a7baede844d278b89dc95ae0a9123@sentry-next.wixpress.com react@18.3.1 lodash@4.17.21\CO\
Campo dei Fiori\Via Cesare Battisti, 80, 21020 Daverio VA\http://www.campodeifiori.it/\0332 947481\info@campodeifiori.it\VA\
Caseificio azienda agricola la betulla\Via Belmonte, 79, 21010 Brezzo di Bedero VA\http://www.agriturismobetulla.com/\347 797 4374\info@agriturismobetulla.com\VA\
Latteria Ca De Corti\SP30, 27, 26042 Ca' De' Corti CR\\0375 96395\\CR\
